#	FP3310 QMCI std 100cm-1 LPE	05 Apr 2023		
20.123068	0.736772414		2160	0.124988
20.248056	0.7321437208		-0.023928073	0.959243938
20.373044	0.7269257299			
20.498032	0.7237887621			
20.62302	0.7258282542			
20.748008	0.732417873			
20.872996	0.7403393307			
20.997984	0.7476972559			
21.122972	0.7543003577			
21.24796	0.760348688			
21.372948	0.766272182			
21.497936	0.7726541484			
21.622924	0.7794027271			
21.747912	0.7850595747			
21.8729	0.7875183837			
21.997888	0.7859708677			
22.122876	0.781984968			
22.247864	0.7784585038			
22.372852	0.7775034027			
22.49784	0.7793027164			
22.622828	0.7828293695			
22.747816	0.7872864622			
22.872804	0.7925647048			
22.997792	0.7985019153			
23.12278	0.8046794899			
23.247768	0.8113602723			
23.372756	0.8193898788			
23.497744	0.8288187557			
23.622732	0.8386549594			
23.74772	0.8477881398			
23.872708	0.8552931122			
23.997696	0.8603923331			
24.122684	0.8628263373			
24.247672	0.8634325069			
24.37266	0.8643650768			
24.497648	0.8676588769			
24.622636	0.8728354435			
24.747624	0.8772429394			
24.872612	0.8792148149			
24.9976	0.8794134974			
25.122588	0.8795977695			
25.247576	0.8815587119			
25.372564	0.8865569526			
25.497552	0.8944089054			
25.62254	0.9034542857			
25.747528	0.9122186134			
25.872516	0.9201050353			
25.997504	0.9264369488			
26.122492	0.9305408858			
26.24748	0.9327318516			
26.372468	0.9340709594			
26.497456	0.9353003639			
26.622444	0.936461048			
26.747432	0.937113414			
26.87242	0.9365626392			
26.997408	0.9343384475			
27.122396	0.9306838621			
27.247384	0.9262974843			
27.372372	0.9219778183			
27.49736	0.9186764934			
27.622348	0.917024586			
27.747336	0.9168923316			
27.872324	0.918090344			
27.997312	0.9204428008			
28.1223	0.9230096341			
28.247288	0.9245430821			
28.372276	0.9246226647			
28.497264	0.9236388049			
28.622252	0.921880373			
28.74724	0.9192930871			
28.872228	0.9157971177			
28.997216	0.9111896199			
29.122204	0.9053439184			
29.247192	0.8989958007			
29.37218	0.8935877959			
29.497168	0.8897398833			
29.622156	0.8865411516			
29.747144	0.8828798056			
29.872132	0.8786888762			
29.99712	0.8748354234			
30.122108	0.8724816716			
30.247096	0.8720985634			
30.372084	0.8727505404			
30.497072	0.8731764795			
30.62206	0.8731945561			
30.747048	0.8730708113			
30.872036	0.8724432919			
30.997024	0.8709134517			
31.122012	0.8687368759			
31.247	0.8662292809			
31.371988	0.8632583182			
31.496976	0.8596569414			
31.621964	0.8557553857			
31.746952	0.8520967177			
31.87194	0.8487063315			
31.996928	0.8453338745			
32.121916	0.8423594752			
32.246904	0.8405638877			
32.371892	0.8402509388			
32.49688	0.8414323045			
32.621868	0.8441340883			
32.746856	0.8477861058			
32.871844	0.8512914937			
32.996832	0.8540653101			
33.12182	0.8564088539			
33.246808	0.858735559			
33.371796	0.8608196136			
33.496784	0.8621097853			
33.621772	0.8625555938			
33.74676	0.8626882013			
33.871748	0.8629714381			
33.996736	0.8633902906			
34.121724	0.8637968864			
34.246712	0.8643603804			
34.3717	0.86530187			
34.496688	0.8665293137			
34.621676	0.868076647			
34.746664	0.8706253637			
34.871652	0.8749166302			
34.99664	0.8807017909			
35.121628	0.8870084277			
35.246616	0.8933013043			
35.371604	0.8996318208			
35.496592	0.9060521141			
35.62158	0.9122639849			
35.746568	0.9176285896			
35.871556	0.9215829895			
35.996544	0.9240583886			
36.121532	0.925473817			
36.24652	0.9265613481			
36.371508	0.9279634258			
36.496496	0.9294999591			
36.621484	0.930264727			
36.746472	0.9301888965			
36.87146	0.9306870463			
36.996448	0.9327470439			
37.121436	0.935541283			
37.246424	0.9378267942			
37.371412	0.9395397164			
37.4964	0.9413322662			
37.621388	0.9436873947			
37.746376	0.9468193875			
37.871364	0.9506379003			
37.996352	0.9545934589			
38.12134	0.9577637153			
38.246328	0.959243938			
38.371316	0.9587353924			
38.496304	0.9568906776			
38.621292	0.9546875285			
38.74628	0.9521402952			
38.871268	0.9484527372			
38.996256	0.9436964716			
39.121244	0.9388357123			
39.246232	0.9343124925			
39.37122	0.9300740413			
39.496208	0.9264744471			
39.621196	0.9241565802			
39.746184	0.9230749601			
39.871172	0.9223644306			
39.99616	0.921500255			
40.121148	0.9205765502			
40.246136	0.9191854573			
40.371124	0.9164976996			
40.496112	0.912711498			
40.6211	0.90896265			
40.746088	0.9056986637			
40.871076	0.9020300856			
40.996064	0.8966746444			
41.121052	0.8893407814			
41.24604	0.8809460781			
41.371028	0.8725729273			
41.496016	0.8648513938			
41.621004	0.8581251595			
41.745992	0.8525202455			
41.87098	0.8478872591			
41.995968	0.8439818841			
42.120956	0.8406837728			
42.245944	0.837926975			
42.370932	0.8355711117			
42.49592	0.8334824233			
42.620908	0.8315482643			
42.745896	0.8294950717			
42.870884	0.8268875845			
42.995872	0.8234931266			
43.12086	0.8195507585			
43.245848	0.8155132663			
43.370836	0.8116563958			
43.495824	0.8080511161			
43.620812	0.8046753284			
43.7458	0.8013879109			
43.870788	0.7980009798			
43.995776	0.7945309087			
44.120764	0.79126313			
44.245752	0.7885841426			
44.37074	0.7868519505			
44.495728	0.7862785988			
44.620716	0.7867558484			
44.745704	0.7878954465			
44.870692	0.7893194539			
44.99568	0.7908500654			
45.120668	0.7924614761			
45.245656	0.7941224693			
45.370644	0.7957112624			
45.495632	0.7970461421			
45.62062	0.7979344185			
45.745608	0.7982292705			
45.870596	0.7979721411			
45.995584	0.797530035			
46.120572	0.7974277693			
46.24556	0.7979575484			
46.370548	0.7990518839			
46.495536	0.8005146847			
46.620524	0.8024194945			
46.745512	0.8053558271			
46.8705	0.8098780127			
46.995488	0.8154366307			
47.120476	0.8206374242			
47.245464	0.8249729662			
47.370452	0.8291610008			
47.49544	0.8337495592			
47.620428	0.8385509174			
47.745416	0.8431544509			
47.870404	0.8473256414			
47.995392	0.8510527551			
48.12038	0.8544266839			
48.245368	0.8575597393			
48.370356	0.8605747856			
48.495344	0.8635216378			
48.620332	0.8663974095			
48.74532	0.8693452212			
48.870308	0.872667142			
48.995296	0.8766256857			
49.120284	0.8813482728			
49.245272	0.8867688045			
49.37026	0.8925469506			
49.495248	0.8983191487			
49.620236	0.9040288563			
49.745224	0.9097373981			
49.870212	0.9152715235			
49.9952	0.920266425			
50.120188	0.9244764525			
50.245176	0.9279754733			
50.370164	0.9309712698			
50.495152	0.9334806111			
50.62014	0.935373392			
50.745128	0.9365801501			
50.870116	0.9371259962			
50.995104	0.9372502013			
51.120092	0.9374817742			
51.24508	0.9382889511			
51.370068	0.9396782553			
51.495056	0.9412817575			
51.620044	0.9427753829			
51.745032	0.9441173627			
51.87002	0.9454576962			
51.995008	0.9469197217			
52.119996	0.948466097			
52.244984	0.9499671647			
52.369972	0.9512460921			
52.49496	0.9519463065			
52.619948	0.9516528325			
52.744936	0.9502609877			
52.869924	0.9480264573			
52.994912	0.9453738249			
53.1199	0.9428415497			
53.244888	0.9408704016			
53.369876	0.9391899849			
53.494864	0.9368423039			
53.619852	0.9333643185			
53.74484	0.9293287257			
53.869828	0.9254922391			
53.994816	0.9221933778			
54.119804	0.9194921536			
54.244792	0.9173274321			
54.36978	0.9155272747			
54.494768	0.913879518			
54.619756	0.9123004256			
54.744744	0.9107794245			
54.869732	0.9091599633			
54.99472	0.9074380618			
55.119708	0.9061385354			
55.244696	0.9056379309			
55.369684	0.9053632231			
55.494672	0.9044286777			
55.61966	0.902247233			
55.744648	0.8982817602			
55.869636	0.8928978571			
55.994624	0.8877513696			
56.119612	0.8841198557			
56.2446	0.8820796923			
56.369588	0.8812757125			
56.494576	0.8812348027			
56.619564	0.8813681388			
56.744552	0.8814698132			
56.86954	0.8820629583			
56.994528	0.8841104775			
57.119516	0.8877286407			
57.244504	0.8909314316			
57.369492	0.8913859564			
57.49448	0.8894006104			
57.619468	0.8869631651			
57.744456	0.8851669563			
57.869444	0.8840658049			
57.994432	0.8835751593			
58.11942	0.8836956081			
58.244408	0.8844038853			
58.369396	0.8856265501			
58.494384	0.8873340281			
58.619372	0.8895203428			
58.74436	0.8918887545			
58.869348	0.8939929973			
58.994336	0.8959619706			
59.119324	0.8983435414			
59.244312	0.9011682319			
59.3693	0.9039420086			
59.494288	0.9064852774			
59.619276	0.9092529585			
59.744264	0.9126520562			
59.869252	0.9160006192			
59.99424	0.9179348039			
60.119228	0.918355233			
60.244216	0.9185835331			
60.369204	0.9194227046			
60.494192	0.9205267036			
60.61918	0.9215910649			
60.744168	0.9229790079			
60.869156	0.9250477307			
60.994144	0.9275949643			
61.119132	0.9301406492			
61.24412	0.9323816624			
61.369108	0.9343316116			
61.494096	0.9361274034			
61.619084	0.9377762546			
61.744072	0.9392985919			
61.86906	0.9409927226			
61.994048	0.94322941			
62.119036	0.9458396929			
62.244024	0.9476384849			
62.369012	0.9472022562			
62.494	0.944658897			
62.618988	0.9416540148			
62.743976	0.9393940423			
62.868964	0.937861526			
62.993952	0.9365754397			
63.11894	0.9350783636			
63.243928	0.9328983935			
63.368916	0.9300002489			
63.493904	0.9273034164			
63.618892	0.9259865335			
63.74388	0.926318678			
63.868868	0.9272468593			
63.993856	0.9267548937			
64.118844	0.9235068175			
64.243832	0.9183829822			
64.36882	0.9131946978			
64.493808	0.9087139568			
64.618796	0.9048169832			
64.743784	0.9013000748			
64.868772	0.8979371528			
64.99376	0.8943340005			
65.118748	0.8901378395			
65.243736	0.8855283758			
65.368724	0.881282117			
65.493712	0.8780076166			
65.6187	0.8754558433			
65.743688	0.8727249804			
65.868676	0.8690128103			
65.993664	0.8643451893			
66.118652	0.8597825536			
66.24364	0.8564838987			
66.368628	0.8544979528			
66.493616	0.8529445932			
66.618604	0.8510681699			
66.743592	0.8486494537			
66.86858	0.8458119203			
66.993568	0.8428052753			
67.118556	0.8397417871			
67.243544	0.8365271893			
67.368532	0.8333807698			
67.49352	0.8309568461			
67.618508	0.8295334226			
67.743496	0.8288642483			
67.868484	0.8287536988			
67.993472	0.8288198014			
68.11846	0.8283108465			
68.243448	0.8270909614			
68.368436	0.8259363172			
68.493424	0.8254057758			
68.618412	0.8253049545			
68.7434	0.8253401723			
68.868388	0.8256825781			
68.993376	0.8265956796			
69.118364	0.827693746			
69.243352	0.8281592876			
69.36834	0.8278747869			
69.493328	0.8276232826			
69.618316	0.828031587			
69.743304	0.8290452002			
69.868292	0.8304142165			
69.99328	0.8321066298			
70.118268	0.8342383226			
70.243256	0.8368665491			
70.368244	0.8398964124			
70.493232	0.8431733765			
70.61822	0.8466058199			
70.743208	0.850155704			
70.868196	0.8537958103			
70.993184	0.8574929214			
71.118172	0.86118701			
71.24316	0.8648508244			
71.368148	0.8685247791			
71.493136	0.8720196798			
71.618124	0.8748117942			
71.743112	0.8768303807			
71.8681	0.8791080382			
71.993088	0.8827855035			
72.118076	0.8872968553			
72.243064	0.890667755			
72.368052	0.8921507195			
72.49304	0.8929556755			
72.618028	0.8942851671			
72.743016	0.896471494			
72.868004	0.8997760481			
72.992992	0.904627242			
73.11798	0.9105666132			
73.242968	0.9155650248			
73.367956	0.9177168377			
73.492944	0.9173613808			
73.617932	0.9162268002			
73.74292	0.9155374105			
73.867908	0.9157110275			
73.992896	0.9163764899			
74.117884	0.9161675099			
74.242872	0.9138736694			
74.36786	0.9098847857			
74.492848	0.9054651759			
74.617836	0.9014135083			
74.742824	0.8979249337			
74.867812	0.8948917155			
74.9928	0.8922069452			
75.117788	0.8901012845			
75.242776	0.8890608911			
75.367764	0.8888619314			
75.492752	0.8877517325			
75.61774	0.8840385894			
75.742728	0.8783449972			
75.867716	0.872520598			
75.992704	0.8672334956			
76.117692	0.8618876642			
76.24268	0.855852963			
76.367668	0.8489477155			
76.492656	0.841320729			
76.617644	0.8333845668			
76.742632	0.8257169464			
76.86762	0.8187620363			
76.992608	0.8126244204			
77.117596	0.8071577794			
77.242584	0.8020415627			
77.367572	0.7968247924			
77.49256	0.7912682026			
77.617548	0.7856649423			
77.742536	0.7806610247			
77.867524	0.7768517939			
77.992512	0.7743445407			
78.1175	0.7722293433			
78.242488	0.7689126288			
78.367476	0.7637412487			
78.492464	0.7576835705			
78.617452	0.7521300789			
78.74244	0.747652776			
78.867428	0.7436363884			
78.992416	0.7390141585			
79.117404	0.7336668555			
79.242392	0.7285631761			
79.36738	0.724618805			
79.492368	0.7222358041			
79.617356	0.7214009617			
79.742344	0.7212899347			
79.867332	0.7206340608			
79.99232	0.7193129324			
80.117308	0.718296826			
80.242296	0.7179331328			
80.367284	0.7177400391			
80.492272	0.7174672907			
80.61726	0.7173244399			
80.742248	0.7175109356			
80.867236	0.7179032705			
80.992224	0.7180276088			
81.117212	0.7175142475			
81.2422	0.7166143847			
81.367188	0.7159431082			
81.492176	0.7158326348			
81.617164	0.7161723079			
81.742152	0.7168931711			
81.86714	0.7184868514			
81.992128	0.7215321808			
82.117116	0.7255128366			
82.242104	0.7291013525			
82.367092	0.7320416634			
82.49208	0.7353198702			
82.617068	0.7394775			
82.742056	0.744099151			
82.867044	0.7485602942			
82.992032	0.7525810708			
83.11702	0.7562932804			
83.242008	0.7599573177			
83.366996	0.7636340474			
83.491984	0.7671864692			
83.616972	0.7704673018			
83.74196	0.7734368606			
83.866948	0.776271898			
83.991936	0.7793409318			
84.116924	0.7829263084			
84.241912	0.7870469055			
84.3669	0.7916057066			
84.491888	0.796578133			
84.616876	0.8020521828			
84.741864	0.8081387634			
84.866852	0.8146869578			
84.99184	0.8211801574			
85.116828	0.8272537871			
85.241816	0.8330521963			
85.366804	0.8387428627			
85.491792	0.8440605836			
85.61678	0.8485161463			
85.741768	0.8517653324			
85.866756	0.853795031			
85.991744	0.8549342454			
86.116732	0.8556998653			
86.24172	0.8565742464			
86.366708	0.8577682105			
86.491696	0.8591262019			
86.616684	0.8604335908			
86.741672	0.8617888899			
86.86666	0.8634583419			
86.991648	0.8655277689			
87.116636	0.8679474461			
87.241624	0.8707590816			
87.366612	0.8741164545			
87.4916	0.8781257183			
87.616588	0.882565438			
87.741576	0.8870096522			
87.866564	0.891345868			
87.991552	0.8948974577			
88.11654	0.8954286233			
88.241528	0.8917838683			
88.366516	0.8860720106			
88.491504	0.8809918264			
88.616492	0.8775563258			
88.74148	0.8755589724			
88.866468	0.8740995404			
88.991456	0.8721891228			
89.116444	0.8699490441			
89.241432	0.8685571808			
89.36642	0.8689057403			
89.491408	0.8707182045			
89.616396	0.872704057			
89.741384	0.8736843553			
89.866372	0.8736549793			
89.99136	0.8733486827			
90.116348	0.8731380173			
90.241336	0.8728164628			
90.366324	0.8720929872			
90.491312	0.8708622769			
90.6163	0.8691149			
90.741288	0.8669141757			
90.866276	0.8643700331			
90.991264	0.861540748			
91.116252	0.858580411			
91.24124	0.8558863509			
91.366228	0.8538138394			
91.491216	0.8524089158			
91.616204	0.8515722717			
91.741192	0.8512886553			
91.86618	0.8516183144			
91.991168	0.8525340376			
92.116156	0.8540530272			
92.241144	0.8567388468			
92.366132	0.8610006538			
92.49112	0.8650858598			
92.616108	0.8658614499			
92.741096	0.8628485252			
92.866084	0.858441449			
92.991072	0.8544128213			
93.11606	0.8508842828			
93.241048	0.8473830386			
93.366036	0.8435953469			
93.491024	0.8397139749			
93.616012	0.8362758305			
93.741	0.8335156701			
93.865988	0.831175719			
93.990976	0.8289793367			
94.115964	0.8269397037			
94.240952	0.8252407588			
94.36594	0.8239841407			
94.490928	0.8229892784			
94.615916	0.82190581			
94.740904	0.8205304462			
94.865892	0.8187837239			
94.99088	0.8164772576			
95.115868	0.8133872573			
95.240856	0.8094363209			
95.365844	0.8046832788			
95.490832	0.7993310851			
95.61582	0.7938162105			
95.740808	0.7888677225			
95.865796	0.785340631			
95.990784	0.7833451715			
96.115772	0.7814085738			
96.24076	0.7776792023			
96.365748	0.7722250743			
96.490736	0.7668252312			
96.615724	0.76284694			
96.740712	0.7604170015			
96.8657	0.7590140363			
96.990688	0.758066414			
97.115676	0.7571661305			
97.240664	0.7561021502			
97.365652	0.7548561886			
97.49064	0.7535414098			
97.615628	0.7521989178			
97.740616	0.7506810044			
97.865604	0.7488288405			
97.990592	0.7466573609			
98.11558	0.7443667855			
98.240568	0.7422382379			
98.365556	0.7404314196			
98.490544	0.7390231004			
98.615532	0.7384377318			
98.74052	0.7396393588			
98.865508	0.7432649694			
98.990496	0.7477566801			
99.115484	0.7494254005			
99.240472	0.7465981687			
99.36546	0.7414440257			
99.490448	0.7363537188			
99.615436	0.7317624839			
99.740424	0.7270894726			
99.865412	0.7216209853			
99.9904	0.7147471283			
100.115388	0.7064426837			
100.240376	0.6973820425			
100.365364	0.6876323908			
100.490352	0.6755657574			
100.61534	0.6597199206			
100.740328	0.6411183681			
100.865316	0.6217694411			
100.990304	0.6024205936			
101.115292	0.5829845248			
101.24028	0.5635839995			
101.365268	0.5442543372			
101.490256	0.524385904			
101.615244	0.5034405627			
101.740232	0.4818098329			
101.86522	0.4601846062			
101.990208	0.4387661243			
102.115196	0.4174538213			
102.240184	0.3962023489			
102.365172	0.3750732166			
102.49016	0.3541831243			
102.615148	0.3336763346			
102.740136	0.3136817569			
102.865124	0.294262113			
102.990112	0.2754845272			
103.1151	0.2575011262			
103.240088	0.240422298			
103.365076	0.2242023478			
103.490064	0.2087813829			
103.615052	0.1942182281			
103.74004	0.1806174881			
103.865028	0.1680405607			
103.990016	0.156467698			
104.115004	0.1457811607			
104.239992	0.1358708193			
104.36498	0.1266870365			
104.489968	0.1180658939			
104.614956	0.1097704434			
104.739944	0.1018139136			
104.864932	0.0944161367			
104.98992	0.08771885273			
105.114908	0.0817164533			
105.239896	0.07627520749			
105.364884	0.07118050056			
105.489872	0.06625236716			
105.61486	0.06145063836			
105.739848	0.05688217712			
105.864836	0.0526696525			
105.989824	0.04883496794			
106.114812	0.04529846584			
106.2398	0.04195075364			
106.364788	0.03877895611			
106.489776	0.0358779077			
106.614764	0.03328710333			
106.739752	0.03090592684			
106.86474	0.02863934073			
106.989728	0.02654853835			
107.114716	0.0247128202			
107.239704	0.02303762937			
107.364692	0.02139097143			
107.48968	0.01975410424			
107.614668	0.01812864875			
107.739656	0.01654981453			
107.864644	0.01516437141			
107.989632	0.01408387746			
108.11462	0.01326673592			
108.239608	0.01261080947			
108.364596	0.01206244839			
108.489584	0.0116206835			
108.614572	0.01124003574			
108.73956	0.01078026111			
108.864548	0.01015858522			
108.989536	0.009497599212			
109.114524	0.008976614417			
109.239512	0.008582148473			
109.3645	0.008157282295			
109.489488	0.007662267068			
109.614476	0.007201048791			
109.739464	0.006810811732			
109.864452	0.006429981599			
109.98944	0.006028961748			
110.114428	0.005590433504			
110.239416	0.005064959346			
110.364404	0.004450971793			
110.489392	0.003811143467			
110.61438	0.003214432885			
110.739368	0.002691213902			
110.864356	0.002219771333			
110.989344	0.001810616807			
111.114332	0.001538578492			
111.23932	0.001345525444			
111.364308	0.0009724593213			
111.489296	0.0002950916397			
111.614284	-0.000488893211			
111.739272	-0.001127247343			
111.86426	-0.001522077004			
111.989248	-0.001653641487			
112.114236	-0.001596274603			
112.239224	-0.001569458579			
112.364212	-0.001729189612			
112.4892	-0.00201087529			
112.614188	-0.002297188104			
112.739176	-0.002575412497			
112.864164	-0.00286510598			
112.989152	-0.003103719029			
113.11414	-0.003170399078			
113.239128	-0.00304724327			
113.364116	-0.002878036097			
113.489104	-0.00279105944			
113.614092	-0.00279361441			
113.73908	-0.002879749751			
113.864068	-0.003051294936			
113.989056	-0.003196178913			
114.114044	-0.003124694451			
114.239032	-0.002786740958			
114.36402	-0.0023766159			
114.489008	-0.002182750795			
114.613996	-0.002317311764			
114.738984	-0.002644390077			
114.863972	-0.003002584824			
114.98896	-0.003356826544			
115.113948	-0.003711929111			
115.238936	-0.004044405464			
115.363924	-0.00433830038			
115.488912	-0.004618445789			
115.6139	-0.004945462101			
115.738888	-0.005338668801			
115.863876	-0.005704818801			
115.988864	-0.005970278686			
116.113852	-0.006222477456			
116.23884	-0.006538536598			
116.363828	-0.006836714308			
116.488816	-0.007036527511			
116.613804	-0.007151126429			
116.738792	-0.007215106807			
116.86378	-0.007317723611			
116.988768	-0.007575092916			
117.113756	-0.007902727509			
117.238744	-0.008027311726			
117.363732	-0.007862126868			
117.48872	-0.007627216755			
117.613708	-0.007524117795			
117.738696	-0.007522421795			
117.863684	-0.007473204593			
117.988672	-0.007279478513			
118.11366	-0.006995014156			
118.238648	-0.006775002187			
118.363636	-0.006717163514			
118.488624	-0.006800307267			
118.613612	-0.006918310551			
118.7386	-0.006960628802			
118.863588	-0.006930653152			
118.988576	-0.006918191503			
119.113564	-0.006921116053			
119.238552	-0.006821193725			
119.36354	-0.00656392126			
119.488528	-0.006243799108			
119.613516	-0.005987150462			
119.738504	-0.005860706513			
119.863492	-0.005904195731			
119.98848	-0.006116865884			
120.113468	-0.00638566097			
120.238456	-0.006556439743			
120.363444	-0.006631547487			
120.488432	-0.006788146345			
120.61342	-0.007152202732			
120.738408	-0.007653616015			
120.863396	-0.008145025566			
120.988384	-0.00855980699			
121.113372	-0.008917476523			
121.23836	-0.009206994813			
121.363348	-0.009315254382			
121.488336	-0.009186917838			
121.613324	-0.009012125204			
121.738312	-0.009045817601			
121.8633	-0.009256442284			
121.988288	-0.009376666907			
122.113276	-0.009323602181			
122.238264	-0.009255996136			
122.363252	-0.00923222089			
122.48824	-0.009145140289			
122.613228	-0.008944944874			
122.738216	-0.00869759504			
122.863204	-0.00848048645			
122.988192	-0.008346670962			
123.11318	-0.008289725974			
123.238168	-0.008218738838			
123.363156	-0.008079416368			
123.488144	-0.00790764081			
123.613132	-0.007687570101			
123.73812	-0.00737393109			
123.863108	-0.007069492603			
123.988096	-0.006920823716			
124.113084	-0.006883048816			
124.238072	-0.006788095231			
124.36306	-0.006602486941			
124.488048	-0.006490336177			
124.613036	-0.006597793915			
124.738024	-0.006846585166			
124.863012	-0.007031541821			
124.988	-0.007063388999			
125.112988	-0.007035934562			
125.237976	-0.007110578128			
125.362964	-0.007336418355			
125.487952	-0.00760152106			
125.61294	-0.007800310564			
125.737928	-0.007923239201			
125.862916	-0.007964294127			
125.987904	-0.007903106434			
126.112892	-0.007783224903			
126.23788	-0.007729075636			
126.362868	-0.007895943384			
126.487856	-0.008370839377			
126.612844	-0.009040979508			
126.737832	-0.009589498769			
126.86282	-0.009746213683			
126.987808	-0.0095325751			
127.112796	-0.009185645546			
127.237784	-0.008924247366			
127.362772	-0.008834447483			
127.48776	-0.00882902839			
127.612748	-0.008703581707			
127.737736	-0.008375093766			
127.862724	-0.007981714006			
127.987712	-0.007673428944			
128.1127	-0.007470372164			
128.237688	-0.007333845788			
128.362676	-0.00721525067			
128.487664	-0.007056194879			
128.612652	-0.006843718265			
128.73764	-0.006629259171			
128.862628	-0.006458841265			
128.987616	-0.006375953851			
129.112604	-0.006458479321			
129.237592	-0.006702022494			
129.36258	-0.006942331063			
129.487568	-0.00703074632			
129.612556	-0.007013521823			
129.737544	-0.007028450287			
129.862532	-0.007059957233			
129.98752	-0.006964863579			
130.112508	-0.006727429844			
130.237496	-0.006476401986			
130.362484	-0.006323843335			
130.487472	-0.006347142246			
130.61246	-0.006568303311			
130.737448	-0.006875382663			
130.862436	-0.007117956327			
130.987424	-0.007255264043			
131.112412	-0.007299556975			
131.2374	-0.00723609903			
131.362388	-0.007089386831			
131.487376	-0.0069580559			
131.612364	-0.006949288749			
131.737352	-0.007078964308			
131.86234	-0.00718802294			
131.987328	-0.007066381803			
132.112316	-0.006732869486			
132.237304	-0.006418369919			
132.362292	-0.006268166336			
132.48728	-0.006214350696			
132.612268	-0.006116219163			
132.737256	-0.005958082547			
132.862244	-0.005862273684			
132.987232	-0.005872381897			
133.11222	-0.005873171887			
133.237208	-0.005790872963			
133.362196	-0.005684866595			
133.487184	-0.005609465127			
133.612172	-0.005565015427			
133.73716	-0.005565915343			
133.862148	-0.005594186394			
133.987136	-0.005541945646			
134.112124	-0.00536152462			
134.237112	-0.005189159109			
134.3621	-0.00515909818			
134.487088	-0.005223680658			
134.612076	-0.005273430748			
134.737064	-0.005282150028			
134.862052	-0.005290765625			
134.98704	-0.005359789932			
135.112028	-0.005530008088			
135.237016	-0.005784969943			
135.362004	-0.006053642558			
135.486992	-0.006246270653			
135.61198	-0.006297819517			
135.736968	-0.006203336756			
135.861956	-0.006022428037			
135.986944	-0.005865141803			
136.111932	-0.005859432704			
136.23692	-0.00604471102			
136.361908	-0.006307351342			
136.486896	-0.006502627082			
136.611884	-0.00659873358			
136.736872	-0.006657040048			
136.86186	-0.006707038173			
136.986848	-0.006692728038			
137.111836	-0.006574440086			
137.236824	-0.006410437679			
137.361812	-0.006258525176			
137.4868	-0.006100097166			
137.611788	-0.005946011353			
137.736776	-0.005876202467			
137.861764	-0.005884991486			
137.986752	-0.005797684772			
138.11174	-0.005446481602			
138.236728	-0.004908485849			
138.361716	-0.004477479289			
138.486704	-0.004375191605			
138.611692	-0.004534312328			
138.73668	-0.004689784389			
138.861668	-0.004657722258			
138.986656	-0.004489569338			
139.111644	-0.004361234875			
139.236632	-0.004365759548			
139.36162	-0.004455569175			
139.486608	-0.004522877842			
139.611596	-0.004468745302			
139.736584	-0.004231149828			
139.861572	-0.00389652918			
139.98656	-0.003805378694			
140.111548	-0.004229114379			
140.236536	-0.004906053166			
140.361524	-0.005329536381			
140.486512	-0.005438156631			
140.6115	-0.005535574792			
140.736488	-0.00575904862			
140.861476	-0.006039354454			
140.986464	-0.006302686391			
141.111452	-0.006438630526			
141.23644	-0.006302191987			
141.361428	-0.005902187399			
141.486416	-0.005444844124			
141.611404	-0.005117101209			
141.736392	-0.004945977276			
141.86138	-0.004923761665			
141.986368	-0.005086496147			
142.111356	-0.005344864414			
142.236344	-0.005410546407			
142.361332	-0.005060792304			
142.48632	-0.004427176552			
142.611308	-0.003919178211			
142.736296	-0.003819090636			
142.861284	-0.004050307733			
142.986272	-0.004393072334			
143.11126	-0.004714331672			
143.236248	-0.004942781096			
143.361236	-0.005018783581			
143.486224	-0.004887997022			
143.611212	-0.004556904109			
143.7362	-0.004190227907			
143.861188	-0.003990188495			
143.986176	-0.003956124566			
144.111164	-0.003947000582			
144.236152	-0.00392575738			
144.36114	-0.003941178781			
144.486128	-0.003968927343			
144.611116	-0.003972941004			
144.736104	-0.004032801101			
144.861092	-0.004248727832			
144.98608	-0.004580562645			
145.111068	-0.004868381861			
145.236056	-0.004980478632			
145.361044	-0.0049333052			
145.486032	-0.004830948217			
145.61102	-0.004673961198			
145.736008	-0.004407933746			
145.860996	-0.004153692587			
145.985984	-0.004076501413			
146.110972	-0.00407035634			
146.23596	-0.003893658806			
146.360948	-0.003512786198			
146.485936	-0.003099045828			
146.610924	-0.002812107833			
146.735912	-0.00269950048			
146.8609	-0.002729718905			
146.985888	-0.002808432509			
147.110876	-0.002776127917			
147.235864	-0.00250725484			
147.360852	-0.002030415077			
147.48584	-0.001505935028			
147.610828	-0.001069866337			
147.735816	-0.0006978837878			
147.860804	-0.0002578498575			
147.985792	0.0002841463669			
148.11078	0.0007683000082			
148.235768	0.001024319912			
148.360756	0.001106790308			
148.485744	0.001222171341			
148.610732	0.001441776066			
148.73572	0.001618440641			
148.860708	0.001613511872			
148.985696	0.001502644066			
149.110684	0.001461481339			
149.235672	0.001520618793			
149.36066	0.001592763546			
149.485648	0.001645372196			
149.610636	0.001682340893			
149.735624	0.001653343203			
149.860612	0.001512623676			
149.9856	0.001324741733			
150.110588	0.001204583166			
150.235576	0.001169095834			
150.360564	0.001135323208			
150.485552	0.001047101858			
150.61054	0.0009209076959			
150.735528	0.0007920955604			
150.860516	0.0007192569097			
150.985504	0.0007896826948			
151.110492	0.001049464995			
151.23548	0.00145031059			
151.360468	0.001847702991			
151.485456	0.002099713964			
151.610444	0.002188193372			
151.735432	0.002176548969			
151.86042	0.002138736065			
151.985408	0.002145196933			
152.110396	0.002209167264			
152.235384	0.002313662058			
152.360372	0.002516288874			
152.48536	0.00286772177			
152.610348	0.003246187193			
152.735336	0.003459193961			
152.860324	0.003485900904			
152.985312	0.003453261099			
153.1103	0.003435340976			
153.235288	0.003433647521			
153.360276	0.003478374511			
153.485264	0.003606406293			
153.610252	0.003763935842			
153.73524	0.003849750537			
153.860228	0.003868340846			
153.985216	0.003897993785			
154.110204	0.003893374316			
154.235192	0.00374616552			
154.36018	0.003546248273			
154.485168	0.003489382091			
154.610156	0.003576077198			
154.735144	0.003666109565			
154.860132	0.003700545372			
154.98512	0.003649080894			
155.110108	0.003448788709			
155.235096	0.003196994535			
155.360084	0.003137706411			
155.485072	0.003325212221			
155.61006	0.003585333783			
155.735048	0.003822371752			
155.860036	0.004094508901			
155.985024	0.004441576626			
156.110012	0.00483162773			
156.235	0.00518379407			
156.359988	0.005368914897			
156.484976	0.005320892834			
156.609964	0.0051568088			
156.734952	0.005043656			
156.85994	0.00497631748			
156.984928	0.004838462685			
157.109916	0.004629366727			
157.234904	0.004466762585			
157.359892	0.004425901928			
157.48488	0.004517777279			
157.609868	0.004766187848			
157.734856	0.00516605079			
157.859844	0.00557774337			
157.984832	0.005810704842			
158.10982	0.005846875083			
158.234808	0.005843350365			
158.359796	0.005916398054			
158.484784	0.006058961515			
158.609772	0.006204520829			
158.73476	0.006257924256			
158.859748	0.006136653714			
158.984736	0.005859715222			
159.109724	0.005556408197			
159.234712	0.00533183462			
159.3597	0.00514458217			
159.484688	0.004898356102			
159.609676	0.004653017961			
159.734664	0.004642037634			
159.859652	0.004972070456			
159.98464	0.005357159827			
160.109628	0.005414614041			
160.234616	0.005193133223			
160.359604	0.005074695068			
160.484592	0.00526478356			
160.60958	0.005660098238			
160.734568	0.006026224622			
160.859556	0.006169298569			
160.984544	0.006100228121			
161.109532	0.006026112608			
161.23452	0.006059888991			
161.359508	0.006043669155			
161.484496	0.005818004022			
161.609484	0.005531068772			
161.734472	0.005462205932			
161.85946	0.005644993729			
161.984448	0.005850521517			
162.109436	0.005892734304			
162.234424	0.005830992656			
162.359412	0.005877288495			
162.4844	0.006160796773			
162.609388	0.006578014663			
162.734376	0.006873183452			
162.859364	0.006862743972			
162.984352	0.006581366206			
163.10934	0.006292678498			
163.234328	0.006276413421			
163.359316	0.006473263511			
163.484304	0.006545687628			
163.609292	0.006349241773			
163.73428	0.006059739414			
163.859268	0.005850253423			
163.984256	0.005692117772			
164.109244	0.005491075705			
164.234232	0.005279214403			
164.35922	0.005134693917			
164.484208	0.004953282482			
164.609196	0.004599314035			
164.734184	0.004230097526			
164.859172	0.004091135434			
164.98416	0.004154825503			
165.109148	0.004256750798			
165.234136	0.004320206856			
165.359124	0.004286743096			
165.484112	0.004123011125			
165.6091	0.003978940342			
165.734088	0.004050453319			
165.859076	0.004288299109			
165.984064	0.00451867459			
166.109052	0.004689293417			
166.23404	0.004728508061			
166.359028	0.004492584862			
166.484016	0.004107070355			
166.609004	0.003965004623			
166.733992	0.004194148719			
166.85898	0.004454600914			
166.983968	0.004426307389			
167.108956	0.004238673014			
167.233944	0.004235703957			
167.358932	0.004480275338			
167.48392	0.004723835794			
167.608908	0.004794181786			
167.733896	0.004781945026			
167.858884	0.004848049504			
167.983872	0.004972750728			
168.10886	0.004968054201			
168.233848	0.004731399289			
168.358836	0.004369812882			
168.483824	0.004066559666			
168.608812	0.003976903915			
168.7338	0.004168209358			
168.858788	0.004438036197			
168.983776	0.004405070241			
169.108764	0.003997909526			
169.233752	0.003540303658			
169.35874	0.003273803893			
169.483728	0.003143513439			
169.608716	0.00307283922			
169.733704	0.003161627799			
169.858692	0.003489171382			
169.98368	0.003837087676			
170.108668	0.003880166509			
170.233656	0.003653713533			
170.358644	0.003458884843			
170.483632	0.003339923921			
170.60862	0.003125010003			
170.733608	0.002854032331			
170.858596	0.002766541724			
170.983584	0.002992908576			
171.108572	0.003377718567			
171.23356	0.003639213776			
171.358548	0.003703332388			
171.483536	0.003692567155			
171.608524	0.003666613085			
171.733512	0.00363852753			
171.8585	0.00366930524			
171.983488	0.003760095408			
172.108476	0.003855265049			
172.233464	0.00397451621			
172.358452	0.004144655376			
172.48344	0.004296114934			
172.608428	0.004388017174			
172.733416	0.004482075361			
172.858404	0.00460640802			
172.983392	0.004740909434			
173.10838	0.00490748274			
173.233368	0.005042224747			
173.358356	0.004922564358			
173.483344	0.004457392722			
173.608332	0.003849064009			
173.73332	0.003344100746			
173.858308	0.003078957349			
173.983296	0.003141616565			
174.108284	0.003459838309			
174.233272	0.003721555952			
174.35826	0.003759748515			
174.483248	0.003846514868			
174.608236	0.004244841405			
174.733224	0.004723808744			
174.858212	0.004853193381			
174.9832	0.004592894241			
175.108188	0.004352024167			
175.233176	0.004473643021			
175.358164	0.004796514276			
175.483152	0.004853583748			
175.60814	0.004475021306			
175.733128	0.00406692133			
175.858116	0.004161340266			
175.983104	0.004676339226			
176.108092	0.004944212694			
176.23308	0.004650484234			
176.358068	0.004203468014			
176.483056	0.004021336843			
176.608044	0.004093176531			
176.733032	0.004284761005			
176.85802	0.004523535467			
176.983008	0.00467941211			
177.107996	0.004649347914			
177.232984	0.004522553449			
177.357972	0.004430831899			
177.48296	0.004299343555			
177.607948	0.004021283562			
177.732936	0.003796306089			
177.857924	0.003900883402			
177.982912	0.004252152157			
178.1079	0.004466211314			
178.232888	0.004279903578			
178.357876	0.003861476202			
178.482864	0.003636471076			
178.607852	0.003751433122			
178.73284	0.003939410096			
178.857828	0.003998029495			
178.982816	0.004001976986			
179.107804	0.003982625115			
179.232792	0.003829636935			
179.35778	0.00353183734			
179.482768	0.003239045926			
179.607756	0.003080667868			
179.732744	0.003022927945			
179.857732	0.002966077355			
179.98272	0.002940145534			
180.107708	0.003076026962			
180.232696	0.0033883321			
180.357684	0.00369975062			
180.482672	0.003845875634			
180.60766	0.003855959338			
180.732648	0.003849176375			
180.857636	0.003904950245			
180.982624	0.004059921253			
181.107612	0.004297254835			
181.2326	0.004525155991			
181.357588	0.00459454789			
181.482576	0.004458301758			
181.607564	0.004303667174			
181.732552	0.004318167455			
181.85754	0.004447093355			
181.982528	0.004534673812			
182.107516	0.004564313233			
182.232504	0.004641145183			
182.357492	0.004800635629			
182.48248	0.004964255245			
182.607468	0.005054580926			
182.732456	0.005080078237			
182.857444	0.005146123457			
182.982432	0.005324214703			
183.10742	0.005507093444			
183.232408	0.00554089245			
183.357396	0.005419032962			
183.482384	0.005222904394			
183.607372	0.00501954368			
183.73236	0.004872698914			
183.857348	0.004818076299			
183.982336	0.0048609016			
184.107324	0.005051772801			
184.232312	0.005415753133			
184.3573	0.0058261148			
184.482288	0.006136923936			
184.607276	0.006378846876			
184.732264	0.006681386694			
184.857252	0.007067227784			
184.98224	0.00744358784			
185.107228	0.007747570228			
185.232216	0.007945943171			
185.357204	0.007965020486			
185.482192	0.007820357687			
185.60718	0.007739269153			
185.732168	0.007988459301			
185.857156	0.008574501892			
185.982144	0.009221231383			
186.107132	0.00969529488			
186.23212	0.009976029292			
186.357108	0.01011202158			
186.482096	0.010170143			
186.607084	0.01024934652			
186.732072	0.01035572629			
186.85706	0.01037487945			
186.982048	0.01030773913			
187.107036	0.01040859046			
187.232024	0.01087510036			
187.357012	0.01153130671			
187.482	0.01206139164			
187.606988	0.01237185557			
187.731976	0.01253525979			
187.856964	0.01265323236			
187.981952	0.01289251719			
188.10694	0.01339574			
188.231928	0.01410141028			
188.356916	0.0147812421			
188.481904	0.01530224246			
188.606892	0.01581975371			
188.73188	0.01666365264			
188.856868	0.01800426849			
188.981856	0.01966432456			
189.106844	0.02128815696			
189.231832	0.02268181073			
189.35682	0.02395854527			
189.481808	0.02532495398			
189.606796	0.02682744106			
189.731784	0.02836492846			
189.856772	0.02983273676			
189.98176	0.03124856099			
190.106748	0.03270441914			
190.231736	0.03412143108			
190.356724	0.03528902208			
190.481712	0.03621557636			
190.6067	0.03714806064			
190.731688	0.03820426125			
190.856676	0.03918438678			
190.981664	0.03981750448			
191.106652	0.04010031815			
191.23164	0.04026121405			
191.356628	0.0403689706			
191.481616	0.04019954449			
191.606604	0.03967564174			
191.731592	0.03908712716			
191.85658	0.03861501176			
191.981568	0.03805661951			
192.106556	0.03718320091			
192.231544	0.03601514249			
192.356532	0.03466992526			
192.48152	0.03317435417			
192.606508	0.03156280784			
192.731496	0.03003905281			
192.856484	0.02880808303			
192.981472	0.0278179223			
193.10646	0.02689066586			
193.231448	0.02596381424			
193.356436	0.02500049031			
193.481424	0.02386740629			
193.606412	0.0225108248			
193.7314	0.02111562583			
193.856388	0.01991583974			
193.981376	0.01891790498			
194.106364	0.01797328658			
194.231352	0.01703542729			
194.35634	0.01613370772			
194.481328	0.01525205202			
194.606316	0.01442073795			
194.731304	0.01372207259			
194.856292	0.01310987365			
194.98128	0.01241463186			
195.106268	0.01159064573			
195.231256	0.01086331313			
195.356244	0.01054044825			
195.481232	0.01063856953			
195.60622	0.01083236649			
195.731208	0.01081983821			
195.856196	0.01055538893			
195.981184	0.01015119339			
196.106172	0.009719956924			
196.23116	0.009339799745			
196.356148	0.009084295421			
196.481136	0.008953779837			
196.606124	0.008827508936			
196.731112	0.008628190121			
196.8561	0.008395630748			
196.981088	0.008103305951			
197.106076	0.007649620174			
197.231064	0.00714134032			
197.356052	0.006904898412			
197.48104	0.007068082619			
197.606028	0.00739292407			
197.731016	0.0076131533			
197.856004	0.007680079648			
197.980992	0.007644312148			
198.10598	0.007506345654			
198.230968	0.007241777594			
198.355956	0.006906477187			
198.480944	0.006669357171			
198.605932	0.006667797344			
198.73092	0.006790902803			
198.855908	0.006733103905			
198.980896	0.006376507816			
199.105884	0.005964440042			
199.230872	0.00576004068			
199.35586	0.005740805657			
199.480848	0.005752909643			
199.605836	0.005722510642			
199.730824	0.00561469778			
199.855812	0.005429341012			
199.9808	0.005294116745			
200.105788	0.005299754748			
200.230776	0.005258983915			
200.355764	0.004982792556			
200.480752	0.004684825929			
200.60574	0.004675067172			
200.730728	0.00489250491			
200.855716	0.005096573891			
200.980704	0.005179529896			
201.105692	0.005096350818			
201.23068	0.00481120966			
201.355668	0.004383636276			
201.480656	0.003963012941			
201.605644	0.003709221176			
201.730632	0.003667851684			
201.85562	0.003671856374			
201.980608	0.003508893351			
202.105596	0.003258194992			
202.230584	0.00326453147			
202.355572	0.003700529644			
202.48056	0.004334952931			
202.605548	0.004769369359			
202.730536	0.004830715045			
202.855524	0.004695743154			
202.980512	0.004620054215			
203.1055	0.004643757597			
203.230488	0.004655969414			
203.355476	0.004620122653			
203.480464	0.00458654323			
203.605452	0.004531499638			
203.73044	0.004311124721			
203.855428	0.003874960283			
203.980416	0.003477686684			
204.105404	0.003478075202			
204.230392	0.003913255494			
204.35538	0.004438865608			
204.480368	0.004687683194			
204.605356	0.004598566401			
204.730344	0.004388975899			
204.855332	0.004266045592			
204.98032	0.004260525679			
205.105308	0.004300739551			
205.230296	0.004318254374			
205.355284	0.004303176797			
205.480272	0.004332501293			
205.60526	0.004511786402			
205.730248	0.00483887388			
205.855236	0.005144849326			
205.980224	0.005232309677			
206.105212	0.005112938182			
206.2302	0.005000733805			
206.355188	0.004999587748			
206.480176	0.005002510949			
206.605164	0.004917675386			
206.730152	0.004769443071			
206.85514	0.004632207306			
206.980128	0.004603131874			
207.105116	0.004777919719			
207.230104	0.0051415962			
207.355092	0.005517744739			
207.48008	0.005743779986			
207.605068	0.005771023574			
207.730056	0.00557335198			
207.855044	0.005204356743			
207.980032	0.004872165978			
208.10502	0.004784558488			
208.230008	0.004945286684			
208.354996	0.005114701917			
208.479984	0.005065613755			
208.604972	0.004854607045			
208.72996	0.004663639616			
208.854948	0.004598912902			
208.979936	0.004737517171			
209.104924	0.00506101698			
209.229912	0.005372505579			
209.3549	0.005472278121			
209.479888	0.005337500517			
209.604876	0.00507489285			
209.729864	0.004830171546			
209.854852	0.00475811364			
209.97984	0.004919823196			
210.104828	0.005208674246			
210.229816	0.005466928306			
210.354804	0.005614877085			
210.479792	0.005650105156			
210.60478	0.005592746002			
210.729768	0.005458593604			
210.854756	0.00528378027			
210.979744	0.005127061524			
211.104732	0.005030288601			
211.22972	0.005043481349			
211.354708	0.005219152454			
211.479696	0.005459048348			
211.604684	0.005540859025			
211.729672	0.005431294217			
211.85466	0.005357961126			
211.979648	0.005509559149			
212.104636	0.005817013855			
212.229624	0.006081476805			
212.354612	0.006250117526			
212.4796	0.006400799392			
212.604588	0.00651342392			
212.729576	0.006452436299			
212.854564	0.006134330927			
212.979552	0.005686426337			
213.10454	0.005434254223			
213.229528	0.005584543326			
213.354516	0.006028178243			
213.479504	0.006616272935			
213.604492	0.00733056298			
213.72948	0.007938851721			
213.854468	0.007854393929			
213.979456	0.006757178732			
214.104444	0.005161357942			
214.229432	0.004041546052			
214.35442	0.003979418893			
214.479408	0.004696675984			
214.604396	0.005406933846			
214.729384	0.005647398042			
214.854372	0.005563423843			
214.97936	0.005507127066			
215.104348	0.005703092044			
215.229336	0.00614171168			
215.354324	0.006541118543			
215.479312	0.006559714252			
215.6043	0.006151714409			
215.729288	0.005593483131			
215.854276	0.005156615247			
215.979264	0.004864569716			
216.104252	0.004618686512			
216.22924	0.004440591361			
216.354228	0.00442516825			
216.479216	0.004513787739			
216.604204	0.00446462521			
216.729192	0.004126675474			
216.85418	0.003713992986			
216.979168	0.00362357132			
217.104156	0.003951580336			
217.229144	0.004424004446			
217.354132	0.004766883718			
217.47912	0.004876060434			
217.604108	0.004724116999			
217.729096	0.004378926093			
217.854084	0.004048698232			
217.979072	0.003920735034			
218.10406	0.004013641874			
218.229048	0.004265009302			
218.354036	0.00461001278			
218.479024	0.004894191067			
218.604012	0.004899737911			
218.729	0.004587466876			
218.853988	0.004163562062			
218.978976	0.003850964477			
219.103964	0.003754166491			
219.228952	0.003844975572			
219.35394	0.003971003844			
219.478928	0.004052065298			
219.603916	0.004200004955			
219.728904	0.004456190029			
219.853892	0.00457332396			
219.97888	0.004305022941			
220.103868	0.003833069563			
220.228856	0.003617208703			
220.353844	0.003774904228			
220.478832	0.003927071889			
220.60382	0.003822317198			
220.728808	0.003702412648			
220.853796	0.003761129916			
220.978784	0.003761318918			
221.103772	0.003516120322			
221.22876	0.003191466445			
221.353748	0.002955233348			
221.478736	0.00281010657			
221.603724	0.002773967263			
221.728712	0.002932696077			
221.8537	0.003297134612			
221.978688	0.003677918691			
222.103676	0.003783107123			
222.228664	0.003464746713			
222.353652	0.002841127682			
222.47864	0.002210788183			
222.603628	0.001807006287			
222.728616	0.001630966939			
222.853604	0.001645423736			
222.978592	0.001923858663			
223.10358	0.002409123545			
223.228568	0.002835108157			
223.353556	0.002984226125			
223.478544	0.002752773298			
223.603532	0.002143011801			
223.72852	0.00150025871			
223.853508	0.001430054124			
223.978496	0.002086061837			
224.103484	0.002897230988			
224.228472	0.00330487786			
224.35346	0.003315143936			
224.478448	0.003067997685			
224.603436	0.002494321302			
224.728424	0.001774611393			
224.853412	0.001509818352			
224.9784	0.002013094833			
225.103388	0.002845820098			
225.228376	0.003408679454			
225.353364	0.003621606146			
225.478352	0.003681178504			
225.60334	0.003645980144			
225.728328	0.003551501787			
225.853316	0.003452528652			
225.978304	0.003294984395			
226.103292	0.003007026013			
226.22828	0.0025943903			
226.353268	0.002133684139			
226.478256	0.001778249852			
226.603244	0.001656928837			
226.728232	0.001758723095			
226.85322	0.002010738116			
226.978208	0.002362971749			
227.103196	0.002718660759			
227.228184	0.002933300283			
227.353172	0.002965631446			
227.47816	0.002924594848			
227.603148	0.002942735716			
227.728136	0.003067104782			
227.853124	0.003236279279			
227.978112	0.003333532766			
228.1031	0.003307304339			
228.228088	0.003205024624			
228.353076	0.00304980918			
228.478064	0.002741026361			
228.603052	0.002236094906			
228.72804	0.001779531642			
228.853028	0.001656608118			
228.978016	0.00186080289			
229.103004	0.002226489386			
229.227992	0.002583593247			
229.35298	0.002719232638			
229.477968	0.002511306158			
229.602956	0.002108656371			
229.727944	0.001787377937			
229.852932	0.001669454318			
229.97792	0.001747346506			
230.102908	0.002021224182			
230.227896	0.00237061406			
230.352884	0.002515122293			
230.477872	0.00229229061			
230.60286	0.001820468619			
230.727848	0.00138477059			
230.852836	0.001251005503			
230.977824	0.001481585415			
231.102812	0.001822259563			
231.2278	0.001913306844			
231.352788	0.001747516136			
231.477776	0.001694298009			
231.602764	0.001989836213			
231.727752	0.002433370114			
231.85274	0.002627875802			
231.977728	0.00244228036			
232.102716	0.002157470523			
232.227704	0.002111464264			
232.352692	0.002341258455			
232.47768	0.00266090556			
232.602668	0.002897428698			
232.727656	0.002944181119			
232.852644	0.002751443618			
232.977632	0.002406192797			
233.10262	0.002135804213			
233.227608	0.002070020085			
233.352596	0.002083074649			
233.477584	0.002041972449			
233.602572	0.00200523914			
233.72756	0.00201499101			
233.852548	0.001999837758			
233.977536	0.001931238629			
234.102524	0.001853071615			
234.227512	0.001873100812			
234.3525	0.002104128739			
234.477488	0.002411729638			
234.602476	0.002449829209			
234.727464	0.002119640546			
234.852452	0.001759261874			
234.97744	0.001705876636			
235.102428	0.001811747252			
235.227416	0.00165395245			
235.352404	0.001134363058			
235.477392	0.000597625019			
235.60238	0.0003768717242			
235.727368	0.0004074485763			
235.852356	0.000408585696			
235.977344	0.0003796189999			
236.102332	0.000648343134			
236.22732	0.001330702231			
236.352308	0.00206388775			
236.477296	0.002450813149			
236.602284	0.002461588633			
236.727272	0.00226115565			
236.85226	0.001925050867			
236.977248	0.001493244978			
237.102236	0.001112200351			
237.227224	0.0009288033014			
237.352212	0.0009305379383			
237.4772	0.001018467131			
237.602188	0.001191061874			
237.727176	0.001489642931			
237.852164	0.001779536872			
237.977152	0.001849685755			
238.10214	0.001699056675			
238.227128	0.001491655153			
238.352116	0.001332278361			
238.477104	0.001251495412			
238.602092	0.001296742945			
238.72708	0.001494055062			
238.852068	0.001743856905			
238.977056	0.001875784913			
239.102044	0.001855134997			
239.227032	0.001818309633			
239.35202	0.001876401985			
239.477008	0.002006613082			
239.601996	0.002120155342			
239.726984	0.002193511457			
239.851972	0.002348619047			
239.97696	0.002717742321			
240.101948	0.003193051632			
240.226936	0.00341029707			
240.351924	0.00309645145			
240.476912	0.002374127093			
240.6019	0.001625765195			
240.726888	0.001250529601			
240.851876	0.001461729064			
240.976864	0.001961178844			
241.101852	0.00210539902			
241.22684	0.001765208104			
241.351828	0.001572030014			
241.476816	0.001884027904			
241.601804	0.002223561589			
241.726792	0.002211705258			
241.85178	0.002080714553			
241.976768	0.002029770224			
242.101756	0.001975540181			
242.226744	0.001846822715			
242.351732	0.001643255963			
242.47672	0.001485766896			
242.601708	0.001637428848			
242.726696	0.002170964745			
242.851684	0.002769399343			
242.976672	0.003010755202			
243.10166	0.002780439522			
243.226648	0.002400896706			
243.351636	0.00228696677			
243.476624	0.002414420553			
243.601612	0.002329298368			
243.7266	0.001841387771			
243.851588	0.001326571882			
243.976576	0.001103311862			
244.101564	0.001087407498			
244.226552	0.001193405694			
244.35154	0.001493310696			
244.476528	0.001967424946			
244.601516	0.00236987733			
244.726504	0.002357772321			
244.851492	0.001916322334			
244.97648	0.001473059892			
245.101468	0.00126203708			
245.226456	0.001116249388			
245.351444	0.001097654003			
245.476432	0.00146478191			
245.60142	0.002056742294			
245.726408	0.00246151277			
245.851396	0.002462931721			
245.976384	0.002033198235			
246.101372	0.001244277546			
246.22636	0.0003225085883			
246.351348	-0.0003918951867			
246.476336	-0.0006670635849			
246.601324	-0.0004499769845			
246.726312	0.0002491542498			
246.8513	0.001304338818			
246.976288	0.002443675099			
247.101276	0.003414901756			
247.226264	0.004040539869			
247.351252	0.004183402987			
247.47624	0.003847731843			
247.601228	0.003315965022			
247.726216	0.002953529849			
247.851204	0.002780692563			
247.976192	0.002485261005			
248.10118	0.001906802429			
248.226168	0.001282418483			
248.351156	0.000976657354			
248.476144	0.001079297513			
248.601132	0.001379006691			
248.72612	0.001730749692			
248.851108	0.002152718473			
248.976096	0.002497813246			
249.101084	0.002562616816			
249.226072	0.002597191722			
249.35106	0.003036624067			
249.476048	0.003475828218			
249.601036	0.002056980344			
249.726024	-0.003857372966			
249.851012	-0.01456653746			
249.976	-0.023928073			
250.100988	-0.02322280618			
250.225976	-0.013350637			
250.350964	-0.003729638751			
250.475952	0.0006770163839			
250.60094	0.001744178561			
250.725928	0.002204001232			
250.850916	0.002840091978			
250.975904	0.003279661268			
251.100892	0.002940344698			
251.22588	0.002044727494			
251.350868	0.001671432116			
251.475856	0.002214625812			
251.600844	0.002880035363			
251.725832	0.002953748307			
251.85082	0.002502953196			
251.975808	0.00190286699			
252.100796	0.001355813213			
252.225784	0.000817665464			
252.350772	0.0002016111137			
252.47576	-0.0003424195768			
252.600748	-0.0004505033768			
252.725736	0.000007799299771			
252.850724	0.0006503823877			
252.975712	0.00102299398			
253.1007	0.001124708999			
253.225688	0.001159835813			
253.350676	0.001032040744			
253.475664	0.0005699439137			
253.600652	0.00004869141094			
253.72564	0.000003060446754			
253.850628	0.0007085753839			
253.975616	0.001995756			
254.100604	0.003217487192			
254.225592	0.003592967602			
254.35058	0.00300980631			
254.475568	0.002236706244			
254.600556	0.001996858118			
254.725544	0.002147280852			
254.850532	0.002247792581			
254.97552	0.002358819597			
255.100508	0.0026510742			
255.225496	0.002915386029			
255.350484	0.002987705884			
255.475472	0.002975139468			
255.60046	0.002879719407			
255.725448	0.002656327494			
255.850436	0.002490768693			
255.975424	0.002510071444			
256.100412	0.002568644717			
256.2254	0.002587579296			
256.350388	0.002694676063			
256.475376	0.002910753121			
256.600364	0.002988278745			
256.725352	0.002661364647			
256.85034	0.001996472671			
256.975328	0.001400779376			
257.100316	0.001252860408			
257.225304	0.001582013585			
257.350292	0.002093259763			
257.47528	0.002393071403			
257.600268	0.002201083319			
257.725256	0.001588061704			
257.850244	0.0009745333647			
257.975232	0.0006872985507			
258.10022	0.0007584928949			
258.225208	0.001180095329			
258.350196	0.001840724377			
258.475184	0.002280638101			
258.600172	0.002100499143			
258.72516	0.001527223247			
258.850148	0.00111241147			
258.975136	0.001048934931			
259.100124	0.001108523013			
259.225112	0.001057772916			
259.3501	0.0009202639336			
259.475088	0.0008816679462			
259.600076	0.001096844071			
259.725064	0.001618924048			
259.850052	0.002272602994			
259.97504	0.002622496339			
260.100028	0.002430178931			
260.225016	0.002008757591			
260.350004	0.001739134031			
260.474992	0.001567791799			
260.59998	0.00137083983			
260.724968	0.001298982488			
260.849956	0.001481726527			
260.974944	0.001823584662			
261.099932	0.002112750513			
261.22492	0.002098465862			
261.349908	0.001672201752			
261.474896	0.001150529562			
261.599884	0.001014567643			
261.724872	0.001235335479			
261.84986	0.001386581997			
261.974848	0.001380490927			
262.099836	0.001439916419			
262.224824	0.001589088163			
262.349812	0.001763834126			
262.4748	0.002053516369			
262.599788	0.002449297871			
262.724776	0.002715626425			
262.849764	0.002673981243			
262.974752	0.002355458942			
263.09974	0.001930716878			
263.224728	0.00165719076			
263.349716	0.001707331612			
263.474704	0.001904688421			
263.599692	0.001872042416			
263.72468	0.001537052955			
263.849668	0.001130808971			
263.974656	0.0008044432268			
264.099644	0.0006759462421			
264.224632	0.0008925989951			
264.34962	0.001377645782			
264.474608	0.001851503648			
264.599596	0.002070891474			
264.724584	0.001947664917			
264.849572	0.001654512123			
264.97456	0.001458438058			
265.099548	0.001266295673			
265.224536	0.0008153042941			
265.349524	0.0004270674981			
265.474512	0.0007534965152			
265.5995	0.001686226404			
265.724488	0.002383633047			
265.849476	0.002376248046			
265.974464	0.001940430773			
266.099452	0.001419311392			
266.22444	0.0008264304052			
266.349428	0.000240006158			
266.474416	-0.000008559264542			
266.599404	0.0002260070707			
266.724392	0.0007234664389			
266.84938	0.001256439427			
266.974368	0.001785652147			
267.099356	0.002296227892			
267.224344	0.002615094023			
267.349332	0.002423992708			
267.47432	0.001586825321			
267.599308	0.0005015977341			
267.724296	-0.00008052882968			
267.849284	0.0002426348514			
267.974272	0.001074377786			
268.09926	0.001665247661			
268.224248	0.001786542625			
268.349236	0.001869492596			
268.474224	0.002160302875			
268.599212	0.002239464465			
268.7242	0.00176582334			
268.849188	0.001128483512			
268.974176	0.0008765523418			
269.099164	0.0009688062907			
269.224152	0.001039517122			
269.34914	0.001091203236			
269.474128	0.001456098485			
269.599116	0.002154282236			
269.724104	0.002680481753			
269.849092	0.002598214922			
269.97408	0.002105788831			
270.099068	0.001689020325			
270.224056	0.001423537109			
270.349044	0.001041053724			
270.474032	0.0004593437265			
270.59902	-0.0001120574468			
270.724008	-0.0003832630419			
270.848996	-0.0002167920658			
270.973984	0.0001390755019			
271.098972	0.0002104636287			
271.22396	-0.00009121527709			
271.348948	-0.0002918084581			
271.473936	-0.00004099480579			
271.598924	0.0003761039357			
271.723912	0.0005590945941			
271.8489	0.0005966639101			
271.973888	0.0007437283568			
272.098876	0.0009084689909			
272.223864	0.0008641099371			
272.348852	0.0006861101423			
272.47384	0.0006516812422			
272.598828	0.0008258783127			
272.723816	0.0009698328205			
272.848804	0.0008396643433			
272.973792	0.0004480499908			
273.09878	0.00003189938954			
273.223768	-0.0001609434293			
273.348756	-0.00009175072695			
273.473744	0.00004717299047			
273.598732	0.00008760802202			
273.72372	0.0000287007629			
273.848708	-0.0001242272958			
273.973696	-0.0004341209664			
274.098684	-0.0008880507136			
274.223672	-0.00133525586			
274.34866	-0.00160264189			
274.473648	-0.00158550469			
274.598636	-0.001201403726			
274.723624	-0.0003934784426			
274.848612	0.0006857237842			
274.9736	0.001604430447			
275.098588	0.001924720547			
275.223576	0.001509475848			
275.348564	0.0005633210436			
275.473552	-0.0004752767044			
275.59854	-0.001158365497			
275.723528	-0.001388275139			
275.848516	-0.001417031802			
275.973504	-0.00136641322			
276.098492	-0.001140601779			
276.22348	-0.000821930557			
276.348468	-0.0006746220005			
276.473456	-0.0008953482182			
276.598444	-0.001532349397			
276.723432	-0.002312369684			
276.84842	-0.002663087315			
276.973408	-0.002177628946			
277.098396	-0.001021455088			
277.223384	0.0001397806673			
277.348372	0.0007245375393			
277.47336	0.0007536225612			
277.598348	0.0006303819474			
277.723336	0.0005394880354			
277.848324	0.000337787543			
277.973312	-0.00004866135655			
278.0983	-0.0004792649601			
278.223288	-0.0008099541958			
278.348276	-0.0009484937458			
278.473264	-0.0009245420582			
278.598252	-0.001044689168			
278.72324	-0.001499725221			
278.848228	-0.001883113982			
278.973216	-0.00167999573			
279.098204	-0.001092169256			
279.223192	-0.0008398662186			
279.34818	-0.001191487688			
279.473168	-0.001686567959			
279.598156	-0.00186069974			
279.723144	-0.001781800027			
279.848132	-0.001801397389			
279.97312	-0.002025944508			
280.098108	-0.002142566957			
280.223096	-0.001884938912			
280.348084	-0.001506113643			
280.473072	-0.001478920139			
280.59806	-0.001921324402			
280.723048	-0.002567294718			
280.848036	-0.003111374877			
280.973024	-0.003403076795			
281.098012	-0.003307154772			
281.223	-0.002720089394			
281.347988	-0.002001129043			
281.472976	-0.001841077896			
281.597964	-0.002369813477			
281.722952	-0.002955817629			
281.84794	-0.00307519587			
281.972928	-0.002842215617			
282.097916	-0.002543003856			
282.222904	-0.002191059611			
282.347892	-0.001838698226			
282.47288	-0.001827860552			
282.597868	-0.002326861871			
282.722856	-0.003083385128			
282.847844	-0.003752356742			
282.972832	-0.004087715428			
283.09782	-0.004088084083			
283.222808	-0.004062055035			
283.347796	-0.004170317937			
283.472784	-0.004186545273			
283.597772	-0.003885982419			
283.72276	-0.003229887517			
283.847748	-0.002334937166			
283.972736	-0.001599224397			
284.097724	-0.00147566293			
284.222712	-0.001847874202			
284.3477	-0.002087136052			
284.472688	-0.001940129157			
284.597676	-0.001792952327			
284.722664	-0.001954108888			
284.847652	-0.002251232841			
284.97264	-0.002452051417			
285.097628	-0.002709461734			
285.222616	-0.003211847573			
285.347604	-0.003657826743			
285.472592	-0.00373992106			
285.59758	-0.003687348519			
285.722568	-0.003693529972			
285.847556	-0.003625641657			
285.972544	-0.003590089084			
286.097532	-0.003815558527			
286.22252	-0.004107958161			
286.347508	-0.00418372551			
286.472496	-0.004204707165			
286.597484	-0.004518487637			
286.722472	-0.005093743027			
286.84746	-0.005480021926			
286.972448	-0.005343338187			
287.097436	-0.00488715083			
287.222424	-0.004570160497			
287.347412	-0.004554385339			
287.4724	-0.004643856646			
287.597388	-0.004644619838			
287.722376	-0.004695580827			
287.847364	-0.00520646767			
287.972352	-0.006332986823			
288.09734	-0.007602243782			
288.222328	-0.0083044711			
288.347316	-0.008287749062			
288.472304	-0.007998531103			
288.597292	-0.007752215662			
288.72228	-0.007639180552			
288.847268	-0.00794908594			
288.972256	-0.008758214513			
289.097244	-0.009376598749			
289.222232	-0.009078251899			
289.34722	-0.008080304281			
289.472208	-0.007196909722			
289.597196	-0.006789307279			
289.722184	-0.006580850319			
289.847172	-0.006353223991			
289.97216	-0.006306181416			