#	FP3313 QMCI 2033 57cm-1 LPE	05 Apr 2023		
20.123068	0.7126699543		2160	0.124988
20.248056	0.7154040086		-0.05361560286	0.9486511973
20.373044	0.7187221976			
20.498032	0.7265425541			
20.62302	0.7401304462			
20.748008	0.7559164844			
20.872996	0.7701514802			
20.997984	0.7830596679			
21.122972	0.7966907172			
21.24796	0.8116589444			
21.372948	0.8269914912			
21.497936	0.8412674638			
21.622924	0.8534960581			
21.747912	0.8632514283			
21.8729	0.8699841621			
21.997888	0.8732788034			
22.122876	0.8738428648			
22.247864	0.873233298			
22.372852	0.8728347404			
22.49784	0.8735385872			
22.622828	0.8755464333			
22.747816	0.8781176918			
22.872804	0.8805686746			
22.997792	0.8835171632			
23.12278	0.8878718704			
23.247768	0.8929460057			
23.372756	0.8970802095			
23.497744	0.8997999107			
23.622732	0.9021793868			
23.74772	0.9050026408			
23.872708	0.9074238248			
23.997696	0.9076969406			
24.122684	0.90467567			
24.247672	0.8988712216			
24.37266	0.8923432493			
24.497648	0.8868915994			
24.622636	0.8822381586			
24.747624	0.8767656037			
24.872612	0.8697303164			
24.9976	0.861771645			
25.122588	0.8537061366			
25.247576	0.8460653062			
25.372564	0.8399239217			
25.497552	0.8366113474			
25.62254	0.8358628349			
25.747528	0.8358085844			
25.872516	0.8349638996			
25.997504	0.8329780164			
26.122492	0.8300869463			
26.24748	0.8267404548			
26.372468	0.8233080707			
26.497456	0.8197353668			
26.622444	0.815703589			
26.747432	0.8112438238			
26.87242	0.8067509674			
26.997408	0.8021613618			
27.122396	0.7968656025			
27.247384	0.790671133			
27.372372	0.7843979026			
27.49736	0.7794903394			
27.622348	0.7768648785			
27.747336	0.7762607104			
27.872324	0.7770312305			
27.997312	0.7788722282			
28.1223	0.7814559808			
28.247288	0.7841587053			
28.372276	0.7866101773			
28.497264	0.7890314417			
28.622252	0.7916228276			
28.74724	0.7940356014			
28.872228	0.7956283496			
28.997216	0.7958706721			
29.122204	0.7947200127			
29.247192	0.7929827434			
29.37218	0.7920136236			
29.497168	0.7926760717			
29.622156	0.794749633			
29.747144	0.7975643812			
29.872132	0.8007892875			
29.99712	0.8045533369			
30.122108	0.8093427709			
30.247096	0.8154746365			
30.372084	0.8222516669			
30.497072	0.8286071798			
30.62206	0.8347138719			
30.747048	0.8415244369			
30.872036	0.8489075474			
30.997024	0.8557772714			
31.122012	0.8614741183			
31.247	0.8659507991			
31.371988	0.8694856763			
31.496976	0.8725389786			
31.621964	0.875394232			
31.746952	0.8780240356			
31.87194	0.8803231298			
31.996928	0.8823778868			
32.121916	0.8846986099			
32.246904	0.8879217852			
32.371892	0.8920364756			
32.49688	0.8965900494			
32.621868	0.9017077609			
32.746856	0.9077542522			
32.871844	0.9141795014			
32.996832	0.9199085859			
33.12182	0.9247867495			
33.246808	0.9294196253			
33.371796	0.9336547644			
33.496784	0.9367051454			
33.621772	0.9385443661			
33.74676	0.9398008902			
33.871748	0.9406333831			
33.996736	0.9407566238			
34.121724	0.9403385894			
34.246712	0.9398880804			
34.3717	0.9394315179			
34.496688	0.9385775468			
34.621676	0.9373315236			
34.746664	0.9364594852			
34.871652	0.9368766059			
34.99664	0.9386737562			
35.121628	0.9410177621			
35.246616	0.943059419			
35.371604	0.9445986001			
35.496592	0.9459375145			
35.62158	0.947281032			
35.746568	0.9483524453			
35.871556	0.9486511973			
35.996544	0.9479025729			
36.121532	0.9462943548			
36.24652	0.9443875475			
36.371508	0.9425288314			
36.496496	0.9403502105			
36.621484	0.9373050276			
36.746472	0.9338059587			
36.87146	0.9311221471			
36.996448	0.9298518039			
37.121436	0.9293105782			
37.246424	0.9286203194			
37.371412	0.9275842711			
37.4964	0.9265063888			
37.621388	0.9260028481			
37.746376	0.9267096041			
37.871364	0.9285903176			
37.996352	0.9308441425			
38.12134	0.932576266			
38.246328	0.9332817442			
38.371316	0.932928135			
38.496304	0.9319288566			
38.621292	0.9308255875			
38.74628	0.9296541603			
38.871268	0.9279817617			
38.996256	0.9257767272			
39.121244	0.9235306815			
39.246232	0.9215974115			
39.37122	0.9201331688			
39.496208	0.9194463826			
39.621196	0.9199306211			
39.746184	0.9216126059			
39.871172	0.9239660702			
39.99616	0.9264188175			
40.121148	0.9287420015			
40.246136	0.9306852218			
40.371124	0.9319207978			
40.496112	0.9326030024			
40.6211	0.9333054292			
40.746088	0.9343247506			
40.871076	0.9352819115			
40.996064	0.9353874629			
41.121052	0.9342713358			
41.24604	0.9323379346			
41.371028	0.9301489564			
41.496016	0.9280440867			
41.621004	0.9263617184			
41.745992	0.9254282775			
41.87098	0.9253055389			
41.995968	0.9258352265			
42.120956	0.9268576583			
42.245944	0.9281921784			
42.370932	0.9296156972			
42.49592	0.9310613728			
42.620908	0.9325960659			
42.745896	0.9341020966			
42.870884	0.9351965139			
42.995872	0.9355552249			
43.12086	0.935226772			
43.245848	0.9344914495			
43.370836	0.9335086671			
43.495824	0.9323162032			
43.620812	0.9310050072			
43.7458	0.9296358808			
43.870788	0.9281258344			
43.995776	0.926417641			
44.120764	0.9246640984			
44.245752	0.9231487536			
44.37074	0.9220906409			
44.495728	0.9215550436			
44.620716	0.9214959583			
44.745704	0.9217728963			
44.870692	0.9221403484			
44.99568	0.9224262741			
45.120668	0.9226481478			
45.245656	0.922735638			
45.370644	0.9224061649			
45.495632	0.9214881238			
45.62062	0.9200305064			
45.745608	0.9180679391			
45.870596	0.9155891306			
45.995584	0.9127494626			
46.120572	0.9098609819			
46.24556	0.9071453264			
46.370548	0.9046642935			
46.495536	0.9024246478			
46.620524	0.9004959748			
46.745512	0.8991746255			
46.8705	0.8988103236			
46.995488	0.8991055263			
47.120476	0.899133802			
47.245464	0.8985585807			
47.370452	0.8979344151			
47.49544	0.8976365113			
47.620428	0.8974905468			
47.745416	0.8972345365			
47.870404	0.8967047736			
47.995392	0.8958360479			
48.12038	0.894742435			
48.245368	0.8936707128			
48.370356	0.8928139135			
48.495344	0.8921888709			
48.620332	0.8916868936			
48.74532	0.8912348393			
48.870308	0.8909177047			
48.995296	0.8909867669			
49.120284	0.8917346398			
49.245272	0.8932231563			
49.37026	0.895138929			
49.495248	0.8971479698			
49.620236	0.899291184			
49.745224	0.9017541484			
49.870212	0.9044183171			
49.9952	0.9068656316			
50.120188	0.9087553584			
50.245176	0.9100756221			
50.370164	0.9109723682			
50.495152	0.9114729514			
50.62014	0.9115239721			
50.745128	0.9111216964			
50.870116	0.9102793705			
50.995104	0.9090500238			
51.120092	0.9075993127			
51.24508	0.9060732847			
51.370068	0.9043832944			
51.495056	0.9022126573			
51.620044	0.8992447277			
51.745032	0.8953496261			
51.87002	0.8905363998			
51.995008	0.8847681812			
52.119996	0.8778893934			
52.244984	0.8697440923			
52.369972	0.86029693			
52.49496	0.8495827093			
52.619948	0.8376106726			
52.744936	0.8244120441			
52.869924	0.8101418631			
52.994912	0.7951164589			
53.1199	0.7798033599			
53.244888	0.7645643838			
53.369876	0.7492494787			
53.494864	0.7334542114			
53.619852	0.7172964451			
53.74484	0.701398701			
53.869828	0.6862103043			
53.994816	0.6718620293			
54.119804	0.6584739255			
54.244792	0.6462392477			
54.36978	0.6352794084			
54.494768	0.6255818334			
54.619756	0.6170967717			
54.744744	0.6098409155			
54.869732	0.6038590358			
54.99472	0.5992162839			
55.119708	0.5961294975			
55.244696	0.5948298042			
55.369684	0.5952318335			
55.494672	0.5971004107			
55.61966	0.6002850418			
55.744648	0.6045165304			
55.869636	0.6097256431			
55.994624	0.6165067714			
56.119612	0.6256230674			
56.2446	0.6374162543			
56.369588	0.651653663			
56.494576	0.6673540824			
56.619564	0.682985517			
56.744552	0.6970485859			
56.86954	0.7083317629			
56.994528	0.7158322158			
57.119516	0.7180363482			
57.244504	0.7121295996			
57.369492	0.6955986755			
57.49448	0.6686601913			
57.619468	0.6333836232			
57.744456	0.5913995259			
57.869444	0.5432458391			
57.994432	0.4892789765			
58.11942	0.4309902375			
58.244408	0.3712862687			
58.369396	0.3136487728			
58.494384	0.2610636656			
58.619372	0.2152050219			
58.74436	0.1764382575			
58.869348	0.1444133092			
58.994336	0.1183086972			
59.119324	0.09703390442			
59.244312	0.07970799576			
59.3693	0.06572928661			
59.494288	0.0544834125			
59.619276	0.04529680487			
59.744264	0.03761376586			
59.869252	0.03115069648			
59.99424	0.02583493671			
60.119228	0.02152174857			
60.244216	0.01793076954			
60.369204	0.01488799221			
60.494192	0.01240213828			
60.61918	0.01047373528			
60.744168	0.008978177731			
60.869156	0.007745969092			
60.994144	0.006661943632			
61.119132	0.005674447847			
61.24412	0.004765853624			
61.369108	0.003934625415			
61.494096	0.003195362131			
61.619084	0.002586539641			
61.744072	0.002117615109			
61.86906	0.001691278842			
61.994048	0.001191514937			
62.119036	0.0006518602098			
62.244024	0.0001947003332			
62.369012	-0.0001583798997			
62.494	-0.0004875810073			
62.618988	-0.0008474325044			
62.743976	-0.001226791168			
62.868964	-0.001584363031			
62.993952	-0.001877772044			
63.11894	-0.002080825733			
63.243928	-0.002208523608			
63.368916	-0.002277486447			
63.493904	-0.002184934128			
63.618892	-0.001810698249			
63.74388	-0.001357911807			
63.868868	-0.001259759404			
63.993856	-0.001637624066			
64.118844	-0.002203071695			
64.243832	-0.002639131259			
64.36882	-0.002787320642			
64.493808	-0.002660560609			
64.618796	-0.002456609738			
64.743784	-0.002391269315			
64.868772	-0.002447229089			
64.99376	-0.002385173951			
65.118748	-0.002019757154			
65.243736	-0.001374632055			
65.368724	-0.0005317544891			
65.493712	0.0003731271761			
65.6187	0.0008129764223			
65.743688	0.0001518614739			
65.868676	-0.001402702848			
65.993664	-0.002907827344			
66.118652	-0.003744050658			
66.24364	-0.00384519432			
66.368628	-0.003303579088			
66.493616	-0.002377789868			
66.618604	-0.001520214903			
66.743592	-0.001046445749			
66.86858	-0.0009557812385			
66.993568	-0.001084739171			
67.118556	-0.001294908988			
67.243544	-0.001528420366			
67.368532	-0.001676061905			
67.49352	-0.00147804424			
67.618508	-0.000868003556			
67.743496	-0.0004125271277			
67.868484	-0.0008440733909			
67.993472	-0.002033186645			
68.11846	-0.003089970925			
68.243448	-0.003517769297			
68.368436	-0.003546306299			
68.493424	-0.003552358881			
68.618412	-0.003681568787			
68.7434	-0.003822995731			
68.868388	-0.003812643164			
68.993376	-0.003682233508			
69.118364	-0.003613668029			
69.243352	-0.003661694773			
69.36834	-0.003650382648			
69.493328	-0.003383497458			
69.618316	-0.002906842265			
69.743304	-0.002530832694			
69.868292	-0.0025295718			
69.99328	-0.002844067996			
70.118268	-0.003217795535			
70.243256	-0.003478194328			
70.368244	-0.003573692329			
70.493232	-0.003557390339			
70.61822	-0.003527871086			
70.743208	-0.003506912797			
70.868196	-0.003466837748			
70.993184	-0.003420165383			
71.118172	-0.003423344085			
71.24316	-0.00348648584			
71.368148	-0.003469311861			
71.493136	-0.003249972094			
71.618124	-0.002995933212			
71.743112	-0.002980537519			
71.8681	-0.00322004583			
71.993088	-0.003503874668			
72.118076	-0.003647800335			
72.243064	-0.003645778447			
72.368052	-0.003672724417			
72.49304	-0.003883213409			
72.618028	-0.004210873262			
72.743016	-0.004474284974			
72.868004	-0.004593687314			
72.992992	-0.004602700445			
73.11798	-0.004572863946			
73.242968	-0.004584401867			
73.367956	-0.004649108953			
73.492944	-0.004685776994			
73.617932	-0.0046497723			
73.74292	-0.004598952182			
73.867908	-0.004580765586			
73.992896	-0.004551566248			
74.117884	-0.004478145152			
74.242872	-0.00441527528			
74.36786	-0.004390694273			
74.492848	-0.004334282841			
74.617836	-0.004194775255			
74.742824	-0.004025228499			
74.867812	-0.003911780584			
74.9928	-0.003867794328			
75.117788	-0.003829444771			
75.242776	-0.003738239921			
75.367764	-0.003615847616			
75.492752	-0.003546705433			
75.61774	-0.003563618528			
75.742728	-0.003593754814			
75.867716	-0.003549305777			
75.992704	-0.003418944032			
76.117692	-0.00326843027			
76.24268	-0.003184395255			
76.367668	-0.003205938997			
76.492656	-0.00330698796			
76.617644	-0.003443324155			
76.742632	-0.003577831519			
76.86762	-0.003668020769			
76.992608	-0.003692758261			
77.117596	-0.003694807057			
77.242584	-0.003727498731			
77.367572	-0.003761332359			
77.49256	-0.003749381266			
77.617548	-0.003754060929			
77.742536	-0.003856437239			
77.867524	-0.004014720192			
77.992512	-0.004169058563			
78.1175	-0.004366895032			
78.242488	-0.004626486394			
78.367476	-0.004822959084			
78.492464	-0.004845942955			
78.617452	-0.004716379576			
78.74244	-0.004517170623			
78.867428	-0.004330932783			
78.992416	-0.004219793289			
79.117404	-0.004192469829			
79.242392	-0.004205451267			
79.36738	-0.004221991767			
79.492368	-0.004251600412			
79.617356	-0.004311422731			
79.742344	-0.004381471728			
79.867332	-0.004425986159			
79.99232	-0.004420076152			
80.117308	-0.004332701874			
80.242296	-0.004130558116			
80.367284	-0.003833787179			
80.492272	-0.00353862969			
80.61726	-0.003340518814			
80.742248	-0.003246247165			
80.867236	-0.003200205081			
80.992224	-0.00317025624			
81.117212	-0.003156246007			
81.2422	-0.003155543879			
81.367188	-0.003191337276			
81.492176	-0.00332231682			
81.617164	-0.003540676646			
81.742152	-0.00374443456			
81.86714	-0.003897050652			
81.992128	-0.004087801858			
82.117116	-0.00435581539			
82.242104	-0.004596000159			
82.367092	-0.00472069287			
82.49208	-0.004784608098			
82.617068	-0.004884334071			
82.742056	-0.005032197835			
82.867044	-0.005176153158			
82.992032	-0.005274135052			
83.11702	-0.00528752444			
83.242008	-0.005172374462			
83.366996	-0.004948873704			
83.491984	-0.004712646755			
83.616972	-0.00453692278			
83.74196	-0.004420238921			
83.866948	-0.004319365045			
83.991936	-0.004222195727			
84.116924	-0.004203797191			
84.241912	-0.004330683172			
84.3669	-0.004532372471			
84.491888	-0.004670201609			
84.616876	-0.004665489502			
84.741864	-0.004539870064			
84.866852	-0.004402596164			
84.99184	-0.004356748967			
85.116828	-0.004381237167			
85.241816	-0.004360460436			
85.366804	-0.004242462418			
85.491792	-0.004088330297			
85.61678	-0.003942316263			
85.741768	-0.003787312827			
85.866756	-0.003660394168			
85.991744	-0.003651711013			
86.116732	-0.00377036723			
86.24172	-0.003931282112			
86.366708	-0.004059851804			
86.491696	-0.004136240942			
86.616684	-0.004180105634			
86.741672	-0.004251865242			
86.86666	-0.004424900629			
86.991648	-0.004696920637			
87.116636	-0.004958935107			
87.241624	-0.005123746773			
87.366612	-0.005245308048			
87.4916	-0.005426556358			
87.616588	-0.005669870806			
87.741576	-0.005893592891			
87.866564	-0.006015532493			
87.991552	-0.005956495512			
88.11654	-0.005687891842			
88.241528	-0.005343231002			
88.366516	-0.005133602527			
88.491504	-0.005149686389			
88.616492	-0.0053079614			
88.74148	-0.0054385885			
88.866468	-0.005433093802			
88.991456	-0.005308936286			
89.116444	-0.005149169009			
89.241432	-0.005048740264			
89.36642	-0.005064091201			
89.491408	-0.005131268481			
89.616396	-0.005114230984			
89.741384	-0.004976596825			
89.866372	-0.004825217244			
89.99136	-0.004770628021			
90.116348	-0.004778812903			
90.241336	-0.004697471011			
90.366324	-0.004446452676			
90.491312	-0.004122689884			
90.6163	-0.003907509617			
90.741288	-0.003899499612			
90.866276	-0.004026435453			
90.991264	-0.004123862751			
91.116252	-0.00410423052			
91.24124	-0.004042529655			
91.366228	-0.004086172508			
91.491216	-0.004295238776			
91.616204	-0.004634212765			
91.741192	-0.005049608031			
91.86618	-0.005440715186			
91.991168	-0.005693166481			
92.116156	-0.00583647734			
92.241144	-0.006021689858			
92.366132	-0.006312431427			
92.49112	-0.006582541734			
92.616108	-0.006646923971			
92.741096	-0.006477901564			
92.866084	-0.006210889901			
92.991072	-0.005993518452			
93.11606	-0.005905101153			
93.241048	-0.005930535402			
93.366036	-0.005976900075			
93.491024	-0.00597377657			
93.616012	-0.005938289253			
93.741	-0.005881021737			
93.865988	-0.005743551252			
93.990976	-0.005542976014			
94.115964	-0.005428560948			
94.240952	-0.005458136324			
94.36594	-0.005478366076			
94.490928	-0.00535460773			
94.615916	-0.005169171417			
94.740904	-0.005063424939			
94.865892	-0.005013550014			
94.99088	-0.004891756837			
95.115868	-0.004655693857			
95.240856	-0.004371443456			
95.365844	-0.004117634471			
95.490832	-0.003947268326			
95.61582	-0.003921229069			
95.740808	-0.004104608742			
95.865796	-0.004463294482			
95.990784	-0.004815209336			
96.115772	-0.004980180536			
96.24076	-0.004967326722			
96.365748	-0.004967819298			
96.490736	-0.00515201504			
96.615724	-0.00548860468			
96.740712	-0.005798256261			
96.8657	-0.005973423263			
96.990688	-0.00606064227			
97.115676	-0.006141072962			
97.240664	-0.006228961956			
97.365652	-0.006301315839			
97.49064	-0.006356204126			
97.615628	-0.00639368785			
97.740616	-0.006415650402			
97.865604	-0.006463963761			
97.990592	-0.006556916857			
98.11558	-0.006634947366			
98.240568	-0.006645692313			
98.365556	-0.006618375537			
98.490544	-0.006634962067			
98.615532	-0.006744541776			
98.74052	-0.006913888877			
98.865508	-0.007056652604			
98.990496	-0.007051374285			
99.115484	-0.006818154586			
99.240472	-0.006484578949			
99.36546	-0.006276060909			
99.490448	-0.006224055976			
99.615436	-0.006170490314			
99.740424	-0.005993531122			
99.865412	-0.005723195376			
99.9904	-0.005480884993			
100.115388	-0.005358614952			
100.240376	-0.005350391039			
100.365364	-0.005405205809			
100.490352	-0.005513526202			
100.61534	-0.005691565021			
100.740328	-0.005896739741			
100.865316	-0.006048537713			
100.990304	-0.006151898796			
101.115292	-0.006310662392			
101.24028	-0.006584306265			
101.365268	-0.00688652343			
101.490256	-0.007098689381			
101.615244	-0.007282096484			
101.740232	-0.007592733109			
101.86522	-0.007946601399			
101.990208	-0.008072460797			
102.115196	-0.007919767263			
102.240184	-0.007689485194			
102.365172	-0.007505040207			
102.49016	-0.007331858968			
102.615148	-0.007144114766			
102.740136	-0.007018964965			
102.865124	-0.007065909565			
102.990112	-0.007284747148			
103.1151	-0.007535982338			
103.240088	-0.007662456279			
103.365076	-0.007612803384			
103.490064	-0.00744902642			
103.615052	-0.007248763719			
103.74004	-0.007019538719			
103.865028	-0.00675670693			
103.990016	-0.006549132107			
104.115004	-0.006497140492			
104.239992	-0.00653178637			
104.36498	-0.006442360052			
104.489968	-0.006114675475			
104.614956	-0.005665955996			
104.739944	-0.00530666254			
104.864932	-0.005144268958			
104.98992	-0.005167077448			
105.114908	-0.00531715267			
105.239896	-0.005512130974			
105.364884	-0.005664279149			
105.489872	-0.005751941237			
105.61486	-0.005822464791			
105.739848	-0.005877868511			
105.864836	-0.00586751244			
105.989824	-0.005816819524			
106.114812	-0.005829243507			
106.2398	-0.005992246793			
106.364788	-0.006326908874			
106.489776	-0.006717157186			
106.614764	-0.006939167749			
106.739752	-0.006920482721			
106.86474	-0.006835533629			
106.989728	-0.006818090485			
107.114716	-0.006811890076			
107.239704	-0.006815898047			
107.364692	-0.006965464023			
107.48968	-0.007224778559			
107.614668	-0.007316869811			
107.739656	-0.007097221881			
107.864644	-0.006752237148			
107.989632	-0.006537812734			
108.11462	-0.006480982947			
108.239608	-0.00638518861			
108.364596	-0.006082433433			
108.489584	-0.005624242893			
108.614572	-0.005176103858			
108.73956	-0.004796777825			
108.864548	-0.004403753672			
108.989536	-0.003907191745			
109.114524	-0.003260686623			
109.239512	-0.002404634889			
109.3645	-0.001288457598			
109.489488	0.00002589102652			
109.614476	0.001325222588			
109.739464	0.002359424195			
109.864452	0.00300636607			
109.98944	0.003274185523			
110.114428	0.003203360373			
110.239416	0.002882078763			
110.364404	0.002453794832			
110.489392	0.001997242327			
110.61438	0.001534915635			
110.739368	0.001172844521			
110.864356	0.001043031663			
110.989344	0.001169673027			
111.114332	0.001541663705			
111.23932	0.00215208308			
111.364308	0.002896427759			
111.489296	0.003697456375			
111.614284	0.004733432101			
111.739272	0.006328689207			
111.86426	0.008667434499			
111.989248	0.01177600919			
112.114236	0.01570331363			
112.239224	0.0205084965			
112.364212	0.02610541284			
112.4892	0.03228372746			
112.614188	0.0387847151			
112.739176	0.0452166902			
112.864164	0.05098862888			
112.989152	0.05545960227			
113.11414	0.05828953232			
113.239128	0.05965602436			
113.364116	0.06001320507			
113.489104	0.05974050976			
113.614092	0.05907462333			
113.73908	0.05810446182			
113.864068	0.05663257469			
113.989056	0.05415411993			
114.114044	0.05019265582			
114.239032	0.04469360361			
114.36402	0.03800561578			
114.489008	0.03062398101			
114.613996	0.02313255792			
114.738984	0.01617742069			
114.863972	0.01026187439			
114.98896	0.005620151794			
115.113948	0.002234241835			
115.238936	-0.0001219769957			
115.363924	-0.001753295487			
115.488912	-0.00289525834			
115.6139	-0.003674358976			
115.738888	-0.00415071857			
115.863876	-0.004384401187			
115.988864	-0.004459508194			
116.113852	-0.004438016928			
116.23884	-0.004324724927			
116.363828	-0.00410808755			
116.488816	-0.00381841441			
116.613804	-0.003509315097			
116.738792	-0.003196483757			
116.86378	-0.002885438962			
116.988768	-0.002636140519			
117.113756	-0.002489529792			
117.238744	-0.002363850625			
117.363732	-0.002146972786			
117.48872	-0.001850644836			
117.613708	-0.001555102374			
117.738696	-0.00126455309			
117.863684	-0.000966039223			
117.988672	-0.0007479821229			
118.11366	-0.000693128804			
118.238648	-0.0007214104705			
118.363636	-0.0006760510185			
118.488624	-0.0005251217804			
118.613612	-0.0003754007949			
118.7386	-0.0003142523897			
118.863588	-0.0003333622337			
118.988576	-0.0003632646818			
119.113564	-0.0003174966093			
119.238552	-0.0001714327693			
119.36354	-0.00000978043924			
119.488528	0.00007188439113			
119.613516	0.00009153173734			
119.738504	0.0001351870584			
119.863492	0.0002249439743			
119.98848	0.0003112041747			
120.113468	0.0003558817909			
120.238456	0.0003802652294			
120.363444	0.0004367277518			
120.488432	0.0005081924707			
120.61342	0.0004797693535			
120.738408	0.0002965616497			
120.863396	0.00005482777687			
120.988384	-0.0001409527141			
121.113372	-0.0002858556421			
121.23836	-0.0004054353326			
121.363348	-0.000467696587			
121.488336	-0.0004163050548			
121.613324	-0.0002688146996			
121.738312	-0.00008230962664			
121.8633	0.000137560781			
121.988288	0.0003565972849			
122.113276	0.0004582730637			
122.238264	0.0003818096417			
122.363252	0.0001739472223			
122.48824	-0.00006553944012			
122.613228	-0.0002199779152			
122.738216	-0.0002423744502			
122.863204	-0.0001859156917			
122.988192	-0.0001057175346			
123.11318	-0.00002800804409			
123.238168	0.00002324640322			
123.363156	0.00005641860557			
123.488144	0.0001040076285			
123.613132	0.0001723317612			
123.73812	0.000248150159			
123.863108	0.0003338793828			
123.988096	0.0004285812534			
124.113084	0.0004806236863			
124.238072	0.0004517171579			
124.36306	0.000424718444			
124.488048	0.0005037906375			
124.613036	0.0006369468721			
124.738024	0.0006751399624			
124.863012	0.0005599061854			
124.988	0.00036692719			
125.112988	0.0002077502393			
125.237976	0.0001361014605			
125.362964	0.0001343318496			
125.487952	0.0001773051308			
125.61294	0.0002788049984			
125.737928	0.0004153480398			
125.862916	0.0004699216704			
125.987904	0.0003769444296			
126.112892	0.0002427251359			
126.23788	0.0002021001718			
126.362868	0.0002539479247			
126.487856	0.0003381810715			
126.612844	0.0004697021044			
126.737832	0.0006764656619			
126.86282	0.0008601629265			
126.987808	0.000852609911			
127.112796	0.0006547809473			
127.237784	0.0004884569589			
127.362772	0.0005162592057			
127.48776	0.0006613435887			
127.612748	0.0007593806874			
127.737736	0.0007465857951			
127.862724	0.0006245819401			
127.987712	0.0003823397661			
128.1127	0.00008465229384			
128.237688	-0.0000742921796			
128.362676	0.00002590312032			
128.487664	0.0002489270039			
128.612652	0.000385517622			
128.73764	0.0004120080619			
128.862628	0.0004205107379			
128.987616	0.0004647117309			
129.112604	0.0005440345897			
129.237592	0.0005846458925			
129.36258	0.000493897412			
129.487568	0.0002783272194			
129.612556	0.00000223765346			
129.737544	-0.0002513125882			
129.862532	-0.0003214735587			
129.98752	-0.0001059097332			
130.112508	0.000247702194			
130.237496	0.0004903279842			
130.362484	0.0005427798748			
130.487472	0.0004935215751			
130.61246	0.0004230285285			
130.737448	0.000338567168			
130.862436	0.0002397541899			
130.987424	0.0001558212626			
131.112412	0.0001190043803			
131.2374	0.0001422372932			
131.362388	0.0002040643732			
131.487376	0.0002658811527			
131.612364	0.0003254031136			
131.737352	0.0004114915888			
131.86234	0.0005340148899			
131.987328	0.0006746802448			
132.112316	0.000790715389			
132.237304	0.0008309726738			
132.362292	0.0008080496371			
132.48728	0.0008051845153			
132.612268	0.0008518073287			
132.737256	0.0008664119774			
132.862244	0.0007664526662			
132.987232	0.000557059934			
133.11222	0.0003108522093			
133.237208	0.0001384977578			
133.362196	0.000132243761			
133.487184	0.0002558584542			
133.612172	0.0003783398096			
133.73716	0.0004888064675			
133.862148	0.0006932604005			
133.987136	0.0009407572569			
134.112124	0.001044702706			
134.237112	0.001018009981			
134.3621	0.001041373348			
134.487088	0.001132240869			
134.612076	0.001165575663			
134.737064	0.001117738187			
134.862052	0.001067940125			
134.98704	0.001076434214			
135.112028	0.001187648606			
135.237016	0.001449247249			
135.362004	0.001821929536			
135.486992	0.002143357156			
135.61198	0.00230876926			
135.736968	0.002418933304			
135.861956	0.002605074895			
135.986944	0.002799483634			
136.111932	0.002833634888			
136.23692	0.002673370115			
136.361908	0.002440151883			
136.486896	0.002259222837			
136.611884	0.00214527435			
136.736872	0.002045746919			
136.86186	0.001936339165			
136.986848	0.001797934975			
137.111836	0.001619939496			
137.236824	0.001475462075			
137.361812	0.00140821562			
137.4868	0.001307794854			
137.611788	0.001102798186			
137.736776	0.0009089743517			
137.861764	0.0008135198765			
137.986752	0.0007543308053			
138.11174	0.0007171939596			
138.236728	0.0007705238303			
138.361716	0.0008991785693			
138.486704	0.001046953866			
138.611692	0.001230770824			
138.73668	0.001433614747			
138.861668	0.001530727688			
138.986656	0.001491737526			
139.111644	0.001458562747			
139.236632	0.001447259123			
139.36162	0.001296213396			
139.486608	0.0009984630988			
139.611596	0.0007149760837			
139.736584	0.0004889391335			
139.861572	0.0002710117176			
139.98656	0.0001448012829			
140.111548	0.0002829653586			
140.236536	0.0007552649279			
140.361524	0.001455310646			
140.486512	0.002105142855			
140.6115	0.002337264291			
140.736488	0.00196969804			
140.861476	0.00126131693			
140.986464	0.0006917852232			
141.111452	0.000512502449			
141.23644	0.0006506344822			
141.361428	0.0009127139596			
141.486416	0.001164428973			
141.611404	0.00134615715			
141.736392	0.001398296695			
141.86138	0.00126024933			
141.986368	0.0009649321399			
142.111356	0.0006579896581			
142.236344	0.0004667641642			
142.361332	0.0004077582076			
142.48632	0.0004326165778			
142.611308	0.0004461674613			
142.736296	0.0003392013841			
142.861284	0.0001930480674			
142.986272	0.0002706123694			
143.11126	0.0005855092414			
143.236248	0.0007897889509			
143.361236	0.0006815997678			
143.486224	0.0004699818804			
143.611212	0.0003999836649			
143.7362	0.0004402002249			
143.861188	0.0004674487371			
143.986176	0.000472913244			
144.111164	0.0004671470009			
144.236152	0.0004045621755			
144.36114	0.0002874653623			
144.486128	0.0002086989845			
144.611116	0.0002219933716			
144.736104	0.0002652817599			
144.861092	0.0002762075191			
144.98608	0.0002774366606			
145.111068	0.0003253514489			
145.236056	0.0004624398552			
145.361044	0.0006751153451			
145.486032	0.0008686257787			
145.61102	0.0009238649025			
145.736008	0.0007787296061			
145.860996	0.0005207210062			
145.985984	0.0003751984245			
146.110972	0.0004507234059			
146.23596	0.0006166214198			
146.360948	0.0007411054148			
146.485936	0.0008104729534			
146.610924	0.0008109544424			
146.735912	0.0007703145389			
146.8609	0.0008215470593			
146.985888	0.001008483826			
147.110876	0.001190224015			
147.235864	0.001253563433			
147.360852	0.00124864006			
147.48584	0.001230742704			
147.610828	0.001102952205			
147.735816	0.000775990022			
147.860804	0.0003909468975			
147.985792	0.0001850805965			
148.11078	0.0002096481632			
148.235768	0.0003550677417			
148.360756	0.0005590170098			
148.485744	0.0007927347607			
148.610732	0.0009390624047			
148.73572	0.0008918337806			
148.860708	0.0007353247008			
148.985696	0.0006514133468			
149.110684	0.0006614537423			
149.235672	0.0006393162562			
149.36066	0.0005433621096			
149.485648	0.0004504515233			
149.610636	0.0004474198363			
149.735624	0.000540013925			
149.860612	0.0006117447176			
149.9856	0.0005657244561			
150.110588	0.0004656780978			
150.235576	0.000403453831			
150.360564	0.0003618158514			
150.485552	0.0003138309316			
150.61054	0.0003262721943			
150.735528	0.0004606591124			
150.860516	0.0006522869802			
150.985504	0.0007635518823			
151.110492	0.0007000730558			
151.23548	0.0004695163275			
151.360468	0.0002212552379			
151.485456	0.000170763891			
151.610444	0.0003390164134			
151.735432	0.0004992749347			
151.86042	0.0004918902483			
151.985408	0.0004178403466			
152.110396	0.000424796544			
152.235384	0.0004995308138			
152.360372	0.0005618770753			
152.48536	0.0005949081642			
152.610348	0.0006296512833			
152.735336	0.0006914487672			
152.860324	0.0007925936964			
152.985312	0.0009380711559			
153.1103	0.001094510653			
153.235288	0.001209865459			
153.360276	0.001306436955			
153.485264	0.001426513546			
153.610252	0.001486748342			
153.73524	0.001393185866			
153.860228	0.001219572748			
153.985216	0.001078047183			
154.110204	0.0009664765724			
154.235192	0.000870792778			
154.36018	0.0008268590211			
154.485168	0.0008267117527			
154.610156	0.000837451589			
154.735144	0.0008552103073			
154.860132	0.0008409081515			
154.98512	0.0007342427658			
155.110108	0.0005802760449			
155.235096	0.0005026646867			
155.360084	0.0005227792559			
155.485072	0.0005394264973			
155.61006	0.000521668505			
155.735048	0.000598216378			
155.860036	0.000841460609			
155.985024	0.001038390949			
156.110012	0.0009256151178			
156.235	0.0006323405883			
156.359988	0.0005573433642			
156.484976	0.000793092408			
156.609964	0.001034260391			
156.734952	0.001044985139			
156.85994	0.0008589947489			
156.984928	0.000602808192			
157.109916	0.0003673122119			
157.234904	0.0002169029303			
157.359892	0.0002241860865			
157.48488	0.0004286875078			
157.609868	0.0007296699249			
157.734856	0.0009119519461			
157.859844	0.0008833092536			
157.984832	0.0007911852935			
158.10982	0.0007752319745			
158.234808	0.0007523274137			
158.359796	0.0006182582941			
158.484784	0.0004647374284			
158.609772	0.0004145646263			
158.73476	0.0004170057916			
158.859748	0.000384862406			
158.984736	0.0003899165491			
159.109724	0.0005516904355			
159.234712	0.0008342139128			
159.3597	0.001092357289			
159.484688	0.001235616743			
159.609676	0.001243823471			
159.734664	0.001110550579			
159.859652	0.0008645899855			
159.98464	0.0005666292211			
160.109628	0.0002729071882			
160.234616	0.00007449254615			
160.359604	0.00005458053993			
160.484592	0.0001660152527			
160.60958	0.0003290905516			
160.734568	0.000572125917			
160.859556	0.0009030949578			
160.984544	0.001232312815			
161.109532	0.001500178199			
161.23452	0.001687643491			
161.359508	0.001757355602			
161.484496	0.001705162565			
161.609484	0.001590722636			
161.734472	0.001484846041			
161.85946	0.001426214358			
161.984448	0.00140753223			
162.109436	0.001384334448			
162.234424	0.001330903951			
162.359412	0.001295183515			
162.4844	0.001338729334			
162.609388	0.001443250548			
162.734376	0.00155232406			
162.859364	0.001613966038			
162.984352	0.001546307745			
163.10934	0.001299590075			
163.234328	0.0009556257447			
163.359316	0.0006789126109			
163.484304	0.0005871486288			
163.609292	0.0007072606048			
163.73428	0.0009916615408			
163.859268	0.0013092316			
163.984256	0.001483352885			
164.109244	0.001428248787			
164.234232	0.001257215681			
164.35922	0.001173513891			
164.484208	0.001233084482			
164.609196	0.001327279278			
164.734184	0.001372306465			
164.859172	0.001374734352			
164.98416	0.001351830979			
165.109148	0.001311069077			
165.234136	0.001267805754			
165.359124	0.001189604931			
165.484112	0.0009961204313			
165.6091	0.0007085685272			
165.734088	0.0004984079942			
165.859076	0.0004983320963			
165.984064	0.0006412704477			
166.109052	0.0007606430343			
166.23404	0.0007872241936			
166.359028	0.0007424021518			
166.484016	0.0006535776351			
166.609004	0.0006147124875			
166.733992	0.0007537613687			
166.85898	0.001042791604			
166.983968	0.001299254147			
167.108956	0.001366219411			
167.233944	0.001215825996			
167.358932	0.001002414473			
167.48392	0.0009684775977			
167.608908	0.001118952802			
167.733896	0.00116834869			
167.858884	0.000980868847			
167.983872	0.0008017314708			
168.10886	0.0008632610132			
168.233848	0.001009504453			
168.358836	0.0009723429539			
168.483824	0.0008065497652			
168.608812	0.0007443594414			
168.7338	0.0008134581872			
168.858788	0.00088035399			
168.983776	0.0009127470623			
169.108764	0.001021941019			
169.233752	0.001295310973			
169.35874	0.0016246131			
169.483728	0.001774142634			
169.608716	0.001674380416			
169.733704	0.001500270662			
169.858692	0.001385555727			
169.98368	0.001270899732			
170.108668	0.001114104787			
170.233656	0.0009696419708			
170.358644	0.0008097682652			
170.483632	0.0006058428269			
170.60862	0.0005158432569			
170.733608	0.0006188866445			
170.858596	0.0006863129345			
170.983584	0.0005205706771			
171.108572	0.0002946241104			
171.23356	0.0003170578958			
171.358548	0.0006473750488			
171.483536	0.001060910345			
171.608524	0.001262624148			
171.733512	0.001118041566			
171.8585	0.0007543915486			
171.983488	0.0004409576671			
172.108476	0.0003174817918			
172.233464	0.0002787774699			
172.358452	0.0001866840903			
172.48344	0.00004877057126			
172.608428	-0.00006864601042			
172.733416	-0.0001076000579			
172.858404	-0.00001417733268			
172.983392	0.0002055700753			
173.10838	0.0004933475474			
173.233368	0.0007726170495			
173.358356	0.0009447953854			
173.483344	0.0009957277584			
173.608332	0.001053599943			
173.73332	0.001182795098			
173.858308	0.001253799307			
173.983296	0.001139395945			
174.108284	0.00091828764			
174.233272	0.0007700545175			
174.35826	0.000686441066			
174.483248	0.0004976226201			
174.608236	0.0002223112225			
174.733224	0.00004421346188			
174.858212	0.000000925023861			
174.9832	0.00005254076264			
175.108188	0.0002400762269			
175.233176	0.0005113934901			
175.358164	0.000650099337			
175.483152	0.0005770332562			
175.60814	0.0004818908349			
175.733128	0.0005185046235			
175.858116	0.0006188753738			
175.983104	0.0006416996047			
176.108092	0.0005166995822			
176.23308	0.0003235076311			
176.358068	0.0002554536143			
176.483056	0.0003605938033			
176.608044	0.0004574589951			
176.733032	0.0004384695485			
176.85802	0.0004161648637			
176.983008	0.0004858105335			
177.107996	0.0005910007966			
177.232984	0.0006507332116			
177.357972	0.0006112637173			
177.48296	0.0003802212191			
177.607948	-0.00005073658946			
177.732936	-0.000421581267			
177.857924	-0.0004191670557			
177.982912	-0.00004918519122			
178.1079	0.0003918196714			
178.232888	0.0006444003467			
178.357876	0.000674020921			
178.482864	0.0006264606367			
178.607852	0.0006375767315			
178.73284	0.0006596718053			
178.857828	0.0005997635652			
178.982816	0.0005179944285			
179.107804	0.0004725868059			
179.232792	0.0003977195017			
179.35778	0.0002648100144			
179.482768	0.0001411686101			
179.607756	0.00009859911849			
179.732744	0.0001342965897			
179.857732	0.0001640337789			
179.98272	0.0001874351444			
180.107708	0.0003517777263			
180.232696	0.0006875097597			
180.357684	0.0009716477322			
180.482672	0.0009866559408			
180.60766	0.0007679378039			
180.732648	0.000519756034			
180.857636	0.0003704763141			
180.982624	0.0003190819007			
181.107612	0.0003625273939			
181.2326	0.0004933834911			
181.357588	0.000668793554			
181.482576	0.0009119156175			
181.607564	0.001206608197			
181.732552	0.001300213838			
181.85754	0.0009858845637			
181.982528	0.0005214340875			
182.107516	0.0003653864542			
182.232504	0.0005362097793			
182.357492	0.0006168489282			
182.48248	0.0003628524982			
182.607468	0.0000005209534888			
182.732456	-0.0001400439344			
182.857444	-0.00004715008371			
182.982432	0.0001149619692			
183.10742	0.0003288341926			
183.232408	0.0006530054912			
183.357396	0.001018900415			
183.482384	0.001284618249			
183.607372	0.001391657273			
183.73236	0.001342128685			
183.857348	0.00113852189			
183.982336	0.0008666971119			
184.107324	0.0006743029518			
184.232312	0.0005814818886			
184.3573	0.0004939154013			
184.482288	0.0004301900805			
184.607276	0.0004925860897			
184.732264	0.0006103124492			
184.857252	0.0006036317629			
184.98224	0.0004938239959			
185.107228	0.000497622167			
185.232216	0.0006809245193			
185.357204	0.0007749702802			
185.482192	0.0004896890102			
185.60718	-0.00007315371946			
185.732168	-0.0005487080417			
185.857156	-0.0007389616586			
185.982144	-0.0006820633307			
186.107132	-0.0004591924669			
186.23212	-0.000155015979			
186.357108	0.00008349340018			
186.482096	0.0001351913117			
186.607084	0.0000750572232			
186.732072	0.00008890536177			
186.85706	0.0001868608458			
186.982048	0.0002103307472			
187.107036	0.0001023663724			
187.232024	-0.00005342086226			
187.357012	-0.0001891726455			
187.482	-0.0002606523954			
187.606988	-0.0002003496243			
187.731976	0.000006496475144			
187.856964	0.0002596032858			
187.981952	0.0003877397771			
188.10694	0.0002478875045			
188.231928	-0.000114709445			
188.356916	-0.0003999527296			
188.481904	-0.0003382201595			
188.606892	-0.000003539605113			
188.73188	0.0003108357547			
188.856868	0.0004396973183			
188.981856	0.0004770887089			
189.106844	0.0005863632663			
189.231832	0.0007555560837			
189.35682	0.0008696141764			
189.481808	0.0009509256741			
189.606796	0.001085339198			
189.731784	0.001191896541			
189.856772	0.001132798815			
189.98176	0.001010775083			
190.106748	0.001083373341			
190.231736	0.00137209748			
190.356724	0.00166168891			
190.481712	0.001845326324			
190.6067	0.001968925652			
190.731688	0.002063191575			
190.856676	0.002121188242			
190.981664	0.002159097739			
191.106652	0.002290859727			
191.23164	0.002680705762			
191.356628	0.003332989978			
191.481616	0.004059907856			
191.606604	0.004693667749			
191.731592	0.005198897194			
191.85658	0.00560780984			
191.981568	0.005965637657			
192.106556	0.006328830791			
192.231544	0.006761659247			
192.356532	0.007269035197			
192.48152	0.00769408654			
192.606508	0.007841877121			
192.731496	0.007795329673			
192.856484	0.007871815356			
192.981472	0.008201202653			
193.10646	0.008595212967			
193.231448	0.008850746088			
193.356436	0.009012741422			
193.481424	0.009313855808			
193.606412	0.009872612294			
193.7314	0.0105540864			
193.856388	0.0112077818			
193.981376	0.01182163193			
194.106364	0.01238536141			
194.231352	0.01284461339			
194.35634	0.01321893866			
194.481328	0.01367522634			
194.606316	0.01445486915			
194.731304	0.01561556594			
194.856292	0.01689181284			
194.98128	0.01794219618			
195.106268	0.01864043792			
195.231256	0.01911765074			
195.356244	0.01963017917			
195.481232	0.02032885662			
195.60622	0.02117090824			
195.731208	0.0220492648			
195.856196	0.0228619103			
195.981184	0.02354531778			
196.106172	0.02413713726			
196.23116	0.02469714833			
196.356148	0.02516960857			
196.481136	0.02539781545			
196.606124	0.02533584734			
196.731112	0.02517733932			
196.8561	0.02509886345			
196.981088	0.02501313613			
197.106076	0.02477388059			
197.231064	0.02441693263			
197.356052	0.02401593745			
197.48104	0.02350170352			
197.606028	0.02276270357			
197.731016	0.02181428482			
197.856004	0.02084340977			
197.980992	0.02006435198			
198.10598	0.01947381076			
198.230968	0.01893360142			
198.355956	0.01848195367			
198.480944	0.0182361998			
198.605932	0.01810384786			
198.73092	0.017868655			
198.855908	0.01741521851			
198.980896	0.01678731356			
199.105884	0.01616894285			
199.230872	0.01576136518			
199.35586	0.01552435283			
199.480848	0.0151231123			
199.605836	0.01432161509			
199.730824	0.01333234207			
199.855812	0.0125988313			
199.9808	0.01235383226			
200.105788	0.01249556143			
200.230776	0.01273635573			
200.355764	0.01282343514			
200.480752	0.01267872372			
200.60574	0.0123266724			
200.730728	0.01186129143			
200.855716	0.01152759597			
200.980704	0.01153897007			
201.105692	0.01175843616			
201.23068	0.01179413474			
201.355668	0.01144689776			
201.480656	0.01089413585			
201.605644	0.01039127069			
201.730632	0.009996629334			
201.85562	0.009667898675			
201.980608	0.00940509835			
202.105596	0.009228296616			
202.230584	0.009159123116			
202.355572	0.009201771937			
202.48056	0.009288880716			
202.605548	0.00931055136			
202.730536	0.009203384012			
202.855524	0.008985437818			
202.980512	0.008732232866			
203.1055	0.008549107748			
203.230488	0.0085078148			
203.355476	0.008529987164			
203.480464	0.008418923299			
203.605452	0.008090895009			
203.73044	0.007719950055			
203.855428	0.007614200043			
203.980416	0.007854695528			
204.105404	0.008100051633			
204.230392	0.007983969461			
204.35538	0.007525151217			
204.480368	0.006933779537			
204.605356	0.006379168328			
204.730344	0.006028588373			
204.855332	0.005978635783			
204.98032	0.006164481719			
205.105308	0.006427321727			
205.230296	0.006611331107			
205.355284	0.006669640564			
205.480272	0.006676360044			
205.60526	0.006689075927			
205.730248	0.006732528436			
205.855236	0.006860981291			
205.980224	0.007051761686			
206.105212	0.00717630885			
206.2302	0.007149050025			
206.355188	0.006976454975			
206.480176	0.006745978646			
206.605164	0.006583835147			
206.730152	0.006531900831			
206.85514	0.006523716763			
206.980128	0.006440285192			
207.105116	0.006213561671			
207.230104	0.005990543907			
207.355092	0.005963637172			
207.48008	0.006016851124			
207.605068	0.005922803532			
207.730056	0.005740309918			
207.855044	0.005662360505			
207.980032	0.005700503328			
208.10502	0.005793677316			
208.230008	0.005974440207			
208.354996	0.006188740914			
208.479984	0.006225575119			
208.604972	0.005987193164			
208.72996	0.005577078709			
208.854948	0.005150385617			
208.979936	0.00484722397			
209.104924	0.004708383755			
209.229912	0.004625515749			
209.3549	0.004498382988			
209.479888	0.004354280475			
209.604876	0.004234643961			
209.729864	0.00410143403			
209.854852	0.003958162957			
209.97984	0.003893077779			
210.104828	0.003901384133			
210.229816	0.003888916942			
210.354804	0.003850263199			
210.479792	0.003841922029			
210.60478	0.003881553813			
210.729768	0.003958390711			
210.854756	0.004065735355			
210.979744	0.004229329701			
211.104732	0.0044911192			
211.22972	0.004811269196			
211.354708	0.004995329074			
211.479696	0.004843059469			
211.604684	0.00439972173			
211.729672	0.003889387701			
211.85466	0.003486668009			
211.979648	0.003303957956			
212.104636	0.003380814202			
212.229624	0.003636211977			
212.354612	0.003976224298			
212.4796	0.004314530402			
212.604588	0.004512803323			
212.729576	0.004529781968			
212.854564	0.00445820395			
212.979552	0.004327535834			
213.10454	0.004154561358			
213.229528	0.004070335053			
213.354516	0.004135842367			
213.479504	0.004199462115			
213.604492	0.004087317225			
213.72948	0.003784521136			
213.854468	0.003392255155			
213.979456	0.003091546138			
214.104444	0.003078833651			
214.229432	0.003324424877			
214.35442	0.003589244337			
214.479408	0.003758632844			
214.604396	0.003839564439			
214.729384	0.003800502802			
214.854372	0.003798090671			
214.97936	0.004173400049			
215.104348	0.004898487004			
215.229336	0.005431712797			
215.354324	0.005424220132			
215.479312	0.005217656206			
215.6043	0.005280470688			
215.729288	0.005543651678			
215.854276	0.005687912035			
215.979264	0.005703597798			
216.104252	0.005821401041			
216.22924	0.006108342058			
216.354228	0.006338917419			
216.479216	0.006274667759			
216.604204	0.005995824216			
216.729192	0.005823962063			
216.85418	0.005944049028			
216.979168	0.006236187304			
217.104156	0.006471023428			
217.229144	0.006532817914			
217.354132	0.00646668619			
217.47912	0.006441464919			
217.604108	0.006601242866			
217.729096	0.006889625843			
217.854084	0.007119454371			
217.979072	0.007198087838			
218.10406	0.007239752828			
218.229048	0.007448132015			
218.354036	0.007850639158			
218.479024	0.008274382562			
218.604012	0.008583213637			
218.729	0.008744508446			
218.853988	0.008759336636			
218.978976	0.008669765571			
219.103964	0.008528301041			
219.228952	0.008332833034			
219.35394	0.008109807708			
219.478928	0.008057431931			
219.603916	0.008456948431			
219.728904	0.009347204658			
219.853892	0.01036094762			
219.97888	0.0110300454			
220.103868	0.01120754785			
220.228856	0.01108006397			
220.353844	0.01093773533			
220.478832	0.01103822805			
220.60382	0.01146035575			
220.728808	0.01198861038			
220.853796	0.01232744711			
220.978784	0.01246965188			
221.103772	0.01269340526			
221.22876	0.01318415226			
221.353748	0.01384461382			
221.478736	0.01457173632			
221.603724	0.01544997785			
221.728712	0.0164411652			
221.8537	0.01727083817			
221.978688	0.0179043255			
222.103676	0.01865341659			
222.228664	0.01963989581			
222.353652	0.02059076293			
222.47864	0.02131867318			
222.603628	0.02199796411			
222.728616	0.02275016368			
222.853604	0.02337307751			
222.978592	0.02368684413			
223.10358	0.02378919922			
223.228568	0.02389546809			
223.353556	0.02423921715			
223.478544	0.0250218658			
223.603532	0.02614261241			
223.72852	0.02716858117			
223.853508	0.02782042433			
223.978496	0.02817716074			
224.103484	0.0282521876			
224.228472	0.02791408609			
224.35346	0.0273574739			
224.478448	0.02705932866			
224.603436	0.02715981325			
224.728424	0.02735673483			
224.853412	0.02739432363			
224.9784	0.02727748234			
225.103388	0.02705132838			
225.228376	0.02672045607			
225.353364	0.02636046937			
225.478352	0.02596896037			
225.60334	0.02534514324			
225.728328	0.02442285413			
225.853316	0.02339830226			
225.978304	0.0224216973			
226.103292	0.021570606			
226.22828	0.0209790637			
226.353268	0.02064973745			
226.478256	0.02034780002			
226.603244	0.01988293342			
226.728232	0.01935117337			
226.85322	0.0189456819			
226.978208	0.01858664639			
227.103196	0.01803516654			
227.228184	0.0172992611			
227.353172	0.01654880727			
227.47816	0.01584437551			
227.603148	0.01519479019			
227.728136	0.01458395352			
227.853124	0.01390399159			
227.978112	0.01316669829			
228.1031	0.01266100773			
228.228088	0.01256205156			
228.353076	0.0125880118			
228.478064	0.01235673401			
228.603052	0.01187582759			
228.72804	0.01139567236			
228.853028	0.01102863081			
228.978016	0.01079928981			
229.103004	0.01080833171			
229.227992	0.01103992497			
229.35298	0.01120745139			
229.477968	0.01101177452			
229.602956	0.0104466716			
229.727944	0.009863368369			
229.852932	0.009715912984			
229.97792	0.01001873923			
230.102908	0.01024404787			
230.227896	0.01001683101			
230.352884	0.009629892658			
230.477872	0.009599304486			
230.60286	0.009928587207			
230.727848	0.01012789792			
230.852836	0.009850459783			
230.977824	0.00921661804			
231.102812	0.008560084985			
231.2278	0.008094484228			
231.352788	0.007863856438			
231.477776	0.007866392139			
231.602764	0.008044638053			
231.727752	0.008269439332			
231.85274	0.008485356728			
231.977728	0.008676486259			
232.102716	0.008720535057			
232.227704	0.008484834808			
232.352692	0.007945466259			
232.47768	0.007250611461			
232.602668	0.006754298328			
232.727656	0.006729702762			
232.852644	0.007023260443			
232.977632	0.007273560165			
233.10262	0.007350944743			
233.227608	0.007245458243			
233.352596	0.006799743432			
233.477584	0.006048768915			
233.602572	0.005460862276			
233.72756	0.005286051245			
233.852548	0.005201206277			
233.977536	0.005037329183			
234.102524	0.005093114403			
234.227512	0.005395796536			
234.3525	0.005443388843			
234.477488	0.004957734482			
234.602476	0.004355091457			
234.727464	0.004222318203			
234.852452	0.004606696885			
234.97744	0.005102491952			
235.102428	0.005360450032			
235.227416	0.005220891213			
235.352404	0.004676110226			
235.477392	0.003918166985			
235.60238	0.003302928028			
235.727368	0.003139332883			
235.852356	0.003405164			
235.977344	0.003804655248			
236.102332	0.004155755055			
236.22732	0.004471275044			
236.352308	0.004728364449			
236.477296	0.004850629081			
236.602284	0.004858467544			
236.727272	0.004857458976			
236.85226	0.004934461752			
236.977248	0.00512468157			
237.102236	0.005348576339			
237.227224	0.005416933949			
237.352212	0.005319225136			
237.4772	0.005309153053			
237.602188	0.0054626575			
237.727176	0.005500393236			
237.852164	0.005182170071			
237.977152	0.004555281253			
238.10214	0.00388963814			
238.227128	0.003541920791			
238.352116	0.003682233233			
238.477104	0.004084327396			
238.602092	0.004324430116			
238.72708	0.004211327431			
238.852068	0.003947061377			
238.977056	0.003793014491			
239.102044	0.003675882515			
239.227032	0.003364924494			
239.35202	0.002949818395			
239.477008	0.002806121769			
239.601996	0.003081318022			
239.726984	0.003446328676			
239.851972	0.003458421516			
239.97696	0.003054524377			
240.101948	0.002558940169			
240.226936	0.002303407846			
240.351924	0.002299719551			
240.476912	0.002254109244			
240.6019	0.001956598738			
240.726888	0.00158012075			
240.851876	0.001453389842			
240.976864	0.001634149086			
241.101852	0.001889563739			
241.22684	0.002044058148			
241.351828	0.002127209007			
241.476816	0.00221288698			
241.601804	0.002346233715			
241.726792	0.002550333395			
241.85178	0.002715248844			
241.976768	0.002598075627			
242.101756	0.00212179009			
242.226744	0.001598545465			
242.351732	0.001335213462			
242.47672	0.001091700343			
242.601708	0.0004766583507			
242.726696	-0.0002339327279			
242.851684	-0.0003462442333			
242.976672	0.0002712726321			
243.10166	0.00104560539			
243.226648	0.001441491303			
243.351636	0.001385580155			
243.476624	0.00109484346			
243.601612	0.0008424746684			
243.7266	0.0007793247018			
243.851588	0.0008530052571			
243.976576	0.0009762045553			
244.101564	0.001072343683			
244.226552	0.0009687463604			
244.35154	0.0006114390268			
244.476528	0.0002379859733			
244.601516	0.00004706832696			
244.726504	-0.0001007032124			
244.851492	-0.0003642618475			
244.97648	-0.0004897477803			
245.101468	-0.0002125778443			
245.226456	0.0000521860119			
245.351444	-0.0003138211356			
245.476432	-0.001073017047			
245.60142	-0.001475834666			
245.726408	-0.001365437557			
245.851396	-0.001072334458			
245.976384	-0.0006829495281			
246.101372	-0.00009511774513			
246.22636	0.0006594405336			
246.351348	0.001551521541			
246.476336	0.002486462011			
246.601324	0.002979420926			
246.726312	0.002563297119			
246.8513	0.001568905941			
246.976288	0.0008228988707			
247.101276	0.0006658550779			
247.226264	0.0008434292405			
247.351252	0.00102931978			
247.47624	0.001025198358			
247.601228	0.0008083800535			
247.726216	0.0006067415285			
247.851204	0.0006527536975			
247.976192	0.0008261120965			
248.10118	0.0009638625205			
248.226168	0.001322678887			
248.351156	0.002011687603			
248.476144	0.002538422348			
248.601132	0.002582430907			
248.72612	0.002363510879			
248.851108	0.001746453835			
248.976096	0.00005195337629			
249.101084	-0.002695538557			
249.226072	-0.005459619765			
249.35106	-0.007929179591			
249.476048	-0.01228184898			
249.601036	-0.02268373518			
249.726024	-0.04001011163			
249.851012	-0.05361560286			
249.976	-0.04569273131			
250.100988	-0.01559911995			
250.225976	0.01298656452			
250.350964	0.02327278886			
250.475952	0.02009468925			
250.60094	0.01395942107			
250.725928	0.009468820186			
250.850916	0.006659450492			
250.975904	0.004400006307			
251.100892	0.001711482983			
251.22588	-0.0008144767488			
251.350868	-0.001530343764			
251.475856	-0.000615450574			
251.600844	-0.0001599344192			
251.725832	-0.001025436062			
251.85082	-0.001876380399			
251.975808	-0.001622486795			
252.100796	-0.0009095034373			
252.225784	-0.0006930072764			
252.350772	-0.0009266071708			
252.47576	-0.001026133458			
252.600748	-0.0006805190491			
252.725736	-0.0001514258474			
252.850724	0.000038300599			
252.975712	-0.0001644623871			
253.1007	-0.0002669156315			
253.225688	-0.00006825775706			
253.350676	0.00001881704752			
253.475664	-0.0002557212543			
253.600652	-0.0005470657529			
253.72564	-0.0005456396111			
253.850628	-0.0004137035101			
253.975616	-0.0003361602213			
254.100604	-0.0001814562413			
254.225592	0.0001236526281			
254.35058	0.0003285754047			
254.475568	0.0001688300412			
254.600556	-0.000235054736			
254.725544	-0.0005365042389			
254.850532	-0.0006424843673			
254.97552	-0.000697859414			
255.100508	-0.0007367326329			
255.225496	-0.0006254935782			
255.350484	-0.0003208761593			
255.475472	-0.00005581136176			
255.60046	-0.00003823073259			
255.725448	-0.00006443142717			
255.850436	0.0001956684764			
255.975424	0.0007209188862			
256.100412	0.001209257223			
256.2254	0.001405000047			
256.350388	0.001288026608			
256.475376	0.001061588498			
256.600364	0.0009262598968			
256.725352	0.000869765374			
256.85034	0.0008119128528			
256.975328	0.0007955606769			
257.100316	0.0008019941654			
257.225304	0.0007219242382			
257.350292	0.0006079882652			
257.47528	0.0005645420905			
257.600268	0.0005265789275			
257.725256	0.0003738271144			
257.850244	0.0001309240754			
257.975232	-0.0000185040444			
258.10022	0.00004951086021			
258.225208	0.000202835778			
258.350196	0.0001970691577			
258.475184	0.000008901353697			
258.600172	-0.0001620105686			
258.72516	-0.0002453260214			
258.850148	-0.0003152107231			
258.975136	-0.0002636190285			
259.100124	0.00005126112168			
259.225112	0.0004029315801			
259.3501	0.000423582815			
259.475088	0.0001260076443			
259.600076	-0.0001464405151			
259.725064	-0.0001367040643			
259.850052	0.0001680648602			
259.97504	0.0005192932535			
260.100028	0.0005472740441			
260.225016	0.0002298862256			
260.350004	-0.00005295723959			
260.474992	-0.0001424403803			
260.59998	-0.0003112964008			
260.724968	-0.0006842570016			
260.849956	-0.0009456817078			
260.974944	-0.0009022806906			
261.099932	-0.000886110373			
261.22492	-0.001164866069			
261.349908	-0.001344679221			
261.474896	-0.0008639358468			
261.599884	0.0001573557457			
261.724872	0.0009937600736			
261.84986	0.001165200027			
261.974848	0.0008493266217			
262.099836	0.0004347863001			
262.224824	0.00007566173254			
262.349812	-0.0001661494838			
262.4748	-0.0002093744163			
262.599788	-0.0002133884015			
262.724776	-0.0003768361453			
262.849764	-0.0004276349041			
262.974752	-0.00007486248091			
263.09974	0.0003432075225			
263.224728	0.0003882927304			
263.349716	0.0001265538393			
263.474704	-0.0001733661194			
263.599692	-0.0004306143819			
263.72468	-0.0007517203996			
263.849668	-0.001133069596			
263.974656	-0.001220659105			
264.099644	-0.000747713811			
264.224632	-0.00003291365336			
264.34962	0.0004209055824			
264.474608	0.0005108857825			
264.599596	0.0004388577081			
264.724584	0.0003243902824			
264.849572	0.00007253693207			
264.97456	-0.0003921676529			
265.099548	-0.0009021590949			
265.224536	-0.001265882011			
265.349524	-0.001476762154			
265.474512	-0.001490350234			
265.5995	-0.001214885539			
265.724488	-0.0007815735241			
265.849476	-0.0003313133809			
265.974464	0.0002205530829			
266.099452	0.0007670228733			
266.22444	0.000828758154			
266.349428	0.0002155431946			
266.474416	-0.0005531785375			
266.599404	-0.0008768253583			
266.724392	-0.0007308064479			
266.84938	-0.000403646929			
266.974368	-0.000100903992			
267.099356	-0.0000574779973			
267.224344	-0.0004217119744			
267.349332	-0.0009271993239			
267.47432	-0.001163298297			
267.599308	-0.001050636711			
267.724296	-0.0007529855982			
267.849284	-0.0003461912886			
267.974272	0.000144734347			
268.09926	0.000480529215			
268.224248	0.0003225650482			
268.349236	-0.0001998979795			
268.474224	-0.0004357338509			
268.599212	-0.0001416589243			
268.7242	0.0001412542148			
268.849188	0.0001283453319			
268.974176	0.0003038354418			
269.099164	0.0008802731913			
269.224152	0.001226800552			
269.34914	0.0008483271742			
269.474128	0.000145950878			
269.599116	-0.0002251200447			
269.724104	-0.0002573527738			
269.849092	-0.0003956774277			
269.97408	-0.0006418885401			
270.099068	-0.0005130119696			
270.224056	0.0000902058524			
270.349044	0.0006327901324			
270.474032	0.0005973941357			
270.59902	0.000005196695077			
270.724008	-0.0007191785163			
270.848996	-0.001218216823			
270.973984	-0.001371156417			
271.098972	-0.001180017525			
271.22396	-0.0008091622236			
271.348948	-0.0005233379805			
271.473936	-0.000386346207			
271.598924	-0.0002935285432			
271.723912	-0.000233972961			
271.8489	-0.0002140398509			
271.973888	-0.0001413352975			
272.098876	0.00003996452302			
272.223864	0.0002809597059			
272.348852	0.0004990140018			
272.47384	0.0007009626928			
272.598828	0.000996230431			
272.723816	0.001294828045			
272.848804	0.001253680321			
272.973792	0.0008007160627			
273.09878	0.000247439765			
273.223768	-0.000185834058			
273.348756	-0.0003888477013			
273.473744	-0.000177343133			
273.598732	0.0003588962849			
273.72372	0.0006924764407			
273.848708	0.0004389230358			
273.973696	-0.000178743232			
274.098684	-0.0006220718622			
274.223672	-0.0006072557434			
274.34866	-0.0003189620881			
274.473648	-0.00008655069033			
274.598636	0.00005224244684			
274.723624	0.0002114876981			
274.848612	0.0002253014093			
274.9736	-0.0001102572989			
275.098588	-0.0006050695797			
275.223576	-0.001010896208			
275.348564	-0.001318369734			
275.473552	-0.001426325575			
275.59854	-0.001063716991			
275.723528	-0.0001999866497			
275.848516	0.0007105835692			
275.973504	0.0009997775923			
276.098492	0.000370845			
276.22348	-0.0008411049086			
276.348468	-0.002008681716			
276.473456	-0.002579142529			
276.598444	-0.002253837683			
276.723432	-0.001257224965			
276.84842	-0.0002250547216			
276.973408	0.0004097603907			
277.098396	0.0005502027394			
277.223384	0.0001705489949			
277.348372	-0.000471376429			
277.47336	-0.0008461636016			
277.598348	-0.0008347367119			
277.723336	-0.00083732646			
277.848324	-0.001105889488			
277.973312	-0.001361532899			
278.0983	-0.00109875922			
278.223288	-0.0002735970005			
278.348276	0.0004843785944			
278.473264	0.0005828931059			
278.598252	0.00009736504437			
278.72324	-0.0004930492901			
278.848228	-0.0009014075547			
278.973216	-0.001102353127			
279.098204	-0.001056562379			
279.223192	-0.0008094689342			
279.34818	-0.0006243796051			
279.473168	-0.0006598148121			
279.598156	-0.0008182756148			
279.723144	-0.001011919127			
279.848132	-0.001265715452			
279.97312	-0.001604728226			
280.098108	-0.001899767754			
280.223096	-0.001819730858			
280.348084	-0.001214300781			
280.473072	-0.0004700961658			
280.59806	-0.000159472723			
280.723048	-0.0004410273291			
280.848036	-0.0009232202181			
280.973024	-0.001161753077			
281.098012	-0.001219624543			
281.223	-0.001422198819			
281.347988	-0.00179008012			
281.472976	-0.002087262976			
281.597964	-0.002149616807			
281.722952	-0.001932578443			
281.84794	-0.001469581837			
281.972928	-0.0009978718276			
282.097916	-0.0008922763233			
282.222904	-0.001187939137			
282.347892	-0.001495061687			
282.47288	-0.001552097039			
282.597868	-0.001480159654			
282.722856	-0.001491392417			
282.847844	-0.001559093299			
282.972832	-0.00155773869			
283.09782	-0.001658062575			
283.222808	-0.002048036459			
283.347796	-0.002528296599			
283.472784	-0.002947004606			
283.597772	-0.003416552544			
283.72276	-0.00371523823			
283.847748	-0.003294246875			
283.972736	-0.002200523288			
284.097724	-0.001286820468			
284.222712	-0.001197168308			
284.3477	-0.001666217622			
284.472688	-0.002016799489			
284.597676	-0.001919776816			
284.722664	-0.001529701648			
284.847652	-0.001252890281			
284.97264	-0.001397966282			
285.097628	-0.001797271993			
285.222616	-0.00213014378			
285.347604	-0.002523443978			
285.472592	-0.00313014454			
285.59758	-0.003610358008			
285.722568	-0.00368589162			
285.847556	-0.003657650516			
285.972544	-0.003986786242			
286.097532	-0.004576230722			
286.22252	-0.004836362572			
286.347508	-0.004554756142			
286.472496	-0.004111669947			
286.597484	-0.003878390132			
286.722472	-0.003990831126			
286.84746	-0.004323101644			
286.972448	-0.004404889601			
287.097436	-0.003805757579			
287.222424	-0.00261096862			
287.347412	-0.001395761004			
287.4724	-0.0008481888092			
287.597388	-0.001326954379			
287.722376	-0.002546545278			
287.847364	-0.003745509985			
287.972352	-0.004403084183			
288.09734	-0.004646465074			
288.222328	-0.004915830663			
288.347316	-0.005520113176			
288.472304	-0.006327752039			
288.597292	-0.006837886764			
288.72228	-0.006761863705			
288.847268	-0.006217201643			
288.972256	-0.005440859949			
289.097244	-0.00473189988			
289.222232	-0.004370736106			
289.34722	-0.004362287296			
289.472208	-0.004419392921			
289.597196	-0.004261379827			
289.722184	-0.004062915371			
289.847172	-0.004421421983			
289.97216	-0.00553169406			